"0","library(dplyr)"
"2","
Attaching package: ‘dplyr’

"
"2","The following objects are masked from ‘package:stats’:

    filter, lag

"
"2","The following objects are masked from ‘package:base’:

    intersect, setdiff, setequal, union

"
"0","# find markers for every cluster compared to all remaining cells, report only the positive ones"
"0","pbmc.markers <- FindAllMarkers(pbmc, only.pos = TRUE, min.pct = 0.25, logfc.threshold = 0.25)"
"2","Calculating cluster 0
"
"1",""
"1"," "
"1"," |                                                  |"
"1"," "
"1","0 % ~calculating  "
"1",""
"1"," "
"1"," |+                                                 |"
"1"," "
"1","1 % ~01s          "
"1",""
"1"," "
"1"," |++                                                |"
"1"," "
"1","2 % ~01s          "
"1",""
"1"," "
"1"," |++                                                |"
"1"," "
"1","4 % ~01s          "
"1",""
"1"," "
"1"," |+++                                               |"
"1"," "
"1","5 % ~01s          "
"1",""
"1"," "
"1"," |+++                                               |"
"1"," "
"1","6 % ~01s          "
"1",""
"1"," "
"1"," |++++                                              |"
"1"," "
"1","7 % ~01s          "
"1",""
"1"," "
"1"," |+++++                                             |"
"1"," "
"1","8 % ~01s          "
"1",""
"1"," "
"1"," |+++++                                             |"
"1"," "
"1","9 % ~01s          "
"1",""
"1"," "
"1"," |++++++                                            |"
"1"," "
"1","11% ~01s          "
"1",""
"1"," "
"1"," |++++++                                            |"
"1"," "
"1","12% ~01s          "
"1",""
"1"," "
"1"," |+++++++                                           |"
"1"," "
"1","13% ~01s          "
"1",""
"1"," "
"1"," |++++++++                                          |"
"1"," "
"1","14% ~01s          "
"1",""
"1"," "
"1"," |++++++++                                          |"
"1"," "
"1","15% ~01s          "
"1",""
"1"," "
"1"," |+++++++++                                         |"
"1"," "
"1","16% ~01s          "
"1",""
"1"," "
"1"," |+++++++++                                         |"
"1"," "
"1","18% ~01s          "
"1",""
"1"," "
"1"," |++++++++++                                        |"
"1"," "
"1","19% ~01s          "
"1",""
"1"," "
"1"," |++++++++++                                        |"
"1"," "
"1","20% ~01s          "
"1",""
"1"," "
"1"," |+++++++++++                                       |"
"1"," "
"1","21% ~01s          "
"1",""
"1"," "
"1"," |++++++++++++                                      |"
"1"," "
"1","22% ~01s          "
"1",""
"1"," "
"1"," |++++++++++++                                      |"
"1"," "
"1","24% ~01s          "
"1",""
"1"," "
"1"," |+++++++++++++                                     |"
"1"," "
"1","25% ~01s          "
"1",""
"1"," "
"1"," |+++++++++++++                                     |"
"1"," "
"1","26% ~01s          "
"1",""
"1"," "
"1"," |++++++++++++++                                    |"
"1"," "
"1","27% ~01s          "
"1",""
"1"," "
"1"," |+++++++++++++++                                   |"
"1"," "
"1","28% ~01s          "
"1",""
"1"," "
"1"," |+++++++++++++++                                   |"
"1"," "
"1","29% ~01s          "
"1",""
"1"," "
"1"," |++++++++++++++++                                  |"
"1"," "
"1","31% ~01s          "
"1",""
"1"," "
"1"," |++++++++++++++++                                  |"
"1"," "
"1","32% ~01s          "
"1",""
"1"," "
"1"," |+++++++++++++++++                                 |"
"1"," "
"1","33% ~01s          "
"1",""
"1"," "
"1"," |++++++++++++++++++                                |"
"1"," "
"1","34% ~01s          "
"1",""
"1"," "
"1"," |++++++++++++++++++                                |"
"1"," "
"1","35% ~01s          "
"1",""
"1"," "
"1"," |+++++++++++++++++++                               |"
"1"," "
"1","36% ~01s          "
"1",""
"1"," "
"1"," |+++++++++++++++++++                               |"
"1"," "
"1","38% ~01s          "
"1",""
"1"," "
"1"," |++++++++++++++++++++                              |"
"1"," "
"1","39% ~01s          "
"1",""
"1"," "
"1"," |++++++++++++++++++++                              |"
"1"," "
"1","40% ~01s          "
"1",""
"1"," "
"1"," |+++++++++++++++++++++                             |"
"1"," "
"1","41% ~01s          "
"1",""
"1"," "
"1"," |++++++++++++++++++++++                            |"
"1"," "
"1","42% ~01s          "
"1",""
"1"," "
"1"," |++++++++++++++++++++++                            |"
"1"," "
"1","44% ~01s          "
"1",""
"1"," "
"1"," |+++++++++++++++++++++++                           |"
"1"," "
"1","45% ~01s          "
"1",""
"1"," "
"1"," |+++++++++++++++++++++++                           |"
"1"," "
"1","46% ~01s          "
"1",""
"1"," "
"1"," |++++++++++++++++++++++++                          |"
"1"," "
"1","47% ~01s          "
"1",""
"1"," "
"1"," |+++++++++++++++++++++++++                         |"
"1"," "
"1","48% ~01s          "
"1",""
"1"," "
"1"," |+++++++++++++++++++++++++                         |"
"1"," "
"1","49% ~00s          "
"1",""
"1"," "
"1"," |++++++++++++++++++++++++++                        |"
"1"," "
"1","51% ~00s          "
"1",""
"1"," "
"1"," |++++++++++++++++++++++++++                        |"
"1"," "
"1","52% ~00s          "
"1",""
"1"," "
"1"," |+++++++++++++++++++++++++++                       |"
"1"," "
"1","53% ~00s          "
"1",""
"1"," "
"1"," |++++++++++++++++++++++++++++                      |"
"1"," "
"1","54% ~00s          "
"1",""
"1"," "
"1"," |++++++++++++++++++++++++++++                      |"
"1"," "
"1","55% ~00s          "
"1",""
"1"," "
"1"," |+++++++++++++++++++++++++++++                     |"
"1"," "
"1","56% ~00s          "
"1",""
"1"," "
"1"," |+++++++++++++++++++++++++++++                     |"
"1"," "
"1","58% ~00s          "
"1",""
"1"," "
"1"," |++++++++++++++++++++++++++++++                    |"
"1"," "
"1","59% ~00s          "
"1",""
"1"," "
"1"," |++++++++++++++++++++++++++++++                    |"
"1"," "
"1","60% ~00s          "
"1",""
"1"," "
"1"," |+++++++++++++++++++++++++++++++                   |"
"1"," "
"1","61% ~00s          "
"1",""
"1"," "
"1"," |++++++++++++++++++++++++++++++++                  |"
"1"," "
"1","62% ~00s          "
"1",""
"1"," "
"1"," |++++++++++++++++++++++++++++++++                  |"
"1"," "
"1","64% ~00s          "
"1",""
"1"," "
"1"," |+++++++++++++++++++++++++++++++++                 |"
"1"," "
"1","65% ~00s          "
"1",""
"1"," "
"1"," |+++++++++++++++++++++++++++++++++                 |"
"1"," "
"1","66% ~00s          "
"1",""
"1"," "
"1"," |++++++++++++++++++++++++++++++++++                |"
"1"," "
"1","67% ~00s          "
"1",""
"1"," "
"1"," |+++++++++++++++++++++++++++++++++++               |"
"1"," "
"1","68% ~00s          "
"1",""
"1"," "
"1"," |+++++++++++++++++++++++++++++++++++               |"
"1"," "
"1","69% ~00s          "
"1",""
"1"," "
"1"," |++++++++++++++++++++++++++++++++++++              |"
"1"," "
"1","71% ~00s          "
"1",""
"1"," "
"1"," |++++++++++++++++++++++++++++++++++++              |"
"1"," "
"1","72% ~00s          "
"1",""
"1"," "
"1"," |+++++++++++++++++++++++++++++++++++++             |"
"1"," "
"1","73% ~00s          "
"1",""
"1"," "
"1"," |++++++++++++++++++++++++++++++++++++++            |"
"1"," "
"1","74% ~00s          "
"1",""
"1"," "
"1"," |++++++++++++++++++++++++++++++++++++++            |"
"1"," "
"1","75% ~00s          "
"1",""
"1"," "
"1"," |+++++++++++++++++++++++++++++++++++++++           |"
"1"," "
"1","76% ~00s          "
"1",""
"1"," "
"1"," |+++++++++++++++++++++++++++++++++++++++           |"
"1"," "
"1","78% ~00s          "
"1",""
"1"," "
"1"," |++++++++++++++++++++++++++++++++++++++++          |"
"1"," "
"1","79% ~00s          "
"1",""
"1"," "
"1"," |++++++++++++++++++++++++++++++++++++++++          |"
"1"," "
"1","80% ~00s          "
"1",""
"1"," "
"1"," |+++++++++++++++++++++++++++++++++++++++++         |"
"1"," "
"1","81% ~00s          "
"1",""
"1"," "
"1"," |++++++++++++++++++++++++++++++++++++++++++        |"
"1"," "
"1","82% ~00s          "
"1",""
"1"," "
"1"," |++++++++++++++++++++++++++++++++++++++++++        |"
"1"," "
"1","84% ~00s          "
"1",""
"1"," "
"1"," |+++++++++++++++++++++++++++++++++++++++++++       |"
"1"," "
"1","85% ~00s          "
"1",""
"1"," "
"1"," |+++++++++++++++++++++++++++++++++++++++++++       |"
"1"," "
"1","86% ~00s          "
"1",""
"1"," "
"1"," |++++++++++++++++++++++++++++++++++++++++++++      |"
"1"," "
"1","87% ~00s          "
"1",""
"1"," "
"1"," |+++++++++++++++++++++++++++++++++++++++++++++     |"
"1"," "
"1","88% ~00s          "
"1",""
"1"," "
"1"," |+++++++++++++++++++++++++++++++++++++++++++++     |"
"1"," "
"1","89% ~00s          "
"1",""
"1"," "
"1"," |++++++++++++++++++++++++++++++++++++++++++++++    |"
"1"," "
"1","91% ~00s          "
"1",""
"1"," "
"1"," |++++++++++++++++++++++++++++++++++++++++++++++    |"
"1"," "
"1","92% ~00s          "
"1",""
"1"," "
"1"," |+++++++++++++++++++++++++++++++++++++++++++++++   |"
"1"," "
"1","93% ~00s          "
"1",""
"1"," "
"1"," |++++++++++++++++++++++++++++++++++++++++++++++++  |"
"1"," "
"1","94% ~00s          "
"1",""
"1"," "
"1"," |++++++++++++++++++++++++++++++++++++++++++++++++  |"
"1"," "
"1","95% ~00s          "
"1",""
"1"," "
"1"," |+++++++++++++++++++++++++++++++++++++++++++++++++ |"
"1"," "
"1","96% ~00s          "
"1",""
"1"," "
"1"," |+++++++++++++++++++++++++++++++++++++++++++++++++ |"
"1"," "
"1","98% ~00s          "
"1",""
"1"," "
"1"," |++++++++++++++++++++++++++++++++++++++++++++++++++|"
"1"," "
"1","99% ~00s          "
"1",""
"1"," "
"1"," |++++++++++++++++++++++++++++++++++++++++++++++++++|"
"1"," "
"1","100% elapsed=01s  "
"1","
"
"2","Calculating cluster 1
"
"1",""
"1"," "
"1"," |                                                  |"
"1"," "
"1","0 % ~calculating  "
"1",""
"1"," "
"1"," |+                                                 |"
"1"," "
"1","1 % ~02s          "
"1",""
"1"," "
"1"," |+                                                 |"
"1"," "
"1","2 % ~02s          "
"1",""
"1"," "
"1"," |++                                                |"
"1"," "
"1","3 % ~02s          "
"1",""
"1"," "
"1"," |++                                                |"
"1"," "
"1","4 % ~02s          "
"1",""
"1"," "
"1"," |+++                                               |"
"1"," "
"1","5 % ~02s          "
"1",""
"1"," "
"1"," |+++                                               |"
"1"," "
"1","6 % ~02s          "
"1",""
"1"," "
"1"," |++++                                              |"
"1"," "
"1","7 % ~02s          "
"1",""
"1"," "
"1"," |++++                                              |"
"1"," "
"1","8 % ~02s          "
"1",""
"1"," "
"1"," |+++++                                             |"
"1"," "
"1","9 % ~02s          "
"1",""
"1"," "
"1"," |+++++                                             |"
"1"," "
"1","10% ~02s          "
"1",""
"1"," "
"1"," |++++++                                            |"
"1"," "
"1","11% ~02s          "
"1",""
"1"," "
"1"," |++++++                                            |"
"1"," "
"1","12% ~02s          "
"1",""
"1"," "
"1"," |+++++++                                           |"
"1"," "
"1","13% ~02s          "
"1",""
"1"," "
"1"," |+++++++                                           |"
"1"," "
"1","14% ~02s          "
"1",""
"1"," "
"1"," |++++++++                                          |"
"1"," "
"1","15% ~02s          "
"1",""
"1"," "
"1"," |++++++++                                          |"
"1"," "
"1","16% ~02s          "
"1",""
"1"," "
"1"," |+++++++++                                         |"
"1"," "
"1","17% ~02s          "
"1",""
"1"," "
"1"," |+++++++++                                         |"
"1"," "
"1","18% ~02s          "
"1",""
"1"," "
"1"," |++++++++++                                        |"
"1"," "
"1","19% ~02s          "
"1",""
"1"," "
"1"," |++++++++++                                        |"
"1"," "
"1","20% ~02s          "
"1",""
"1"," "
"1"," |+++++++++++                                       |"
"1"," "
"1","21% ~02s          "
"1",""
"1"," "
"1"," |+++++++++++                                       |"
"1"," "
"1","22% ~02s          "
"1",""
"1"," "
"1"," |++++++++++++                                      |"
"1"," "
"1","23% ~02s          "
"1",""
"1"," "
"1"," |++++++++++++                                      |"
"1"," "
"1","24% ~02s          "
"1",""
"1"," "
"1"," |+++++++++++++                                     |"
"1"," "
"1","25% ~02s          "
"1",""
"1"," "
"1"," |+++++++++++++                                     |"
"1"," "
"1","26% ~02s          "
"1",""
"1"," "
"1"," |++++++++++++++                                    |"
"1"," "
"1","27% ~01s          "
"1",""
"1"," "
"1"," |++++++++++++++                                    |"
"1"," "
"1","28% ~01s          "
"1",""
"1"," "
"1"," |+++++++++++++++                                   |"
"1"," "
"1","29% ~01s          "
"1",""
"1"," "
"1"," |+++++++++++++++                                   |"
"1"," "
"1","30% ~01s          "
"1",""
"1"," "
"1"," |++++++++++++++++                                  |"
"1"," "
"1","31% ~01s          "
"1",""
"1"," "
"1"," |++++++++++++++++                                  |"
"1"," "
"1","32% ~01s          "
"1",""
"1"," "
"1"," |+++++++++++++++++                                 |"
"1"," "
"1","33% ~01s          "
"1",""
"1"," "
"1"," |+++++++++++++++++                                 |"
"1"," "
"1","34% ~01s          "
"1",""
"1"," "
"1"," |++++++++++++++++++                                |"
"1"," "
"1","35% ~01s          "
"1",""
"1"," "
"1"," |++++++++++++++++++                                |"
"1"," "
"1","36% ~01s          "
"1",""
"1"," "
"1"," |+++++++++++++++++++                               |"
"1"," "
"1","37% ~01s          "
"1",""
"1"," "
"1"," |+++++++++++++++++++                               |"
"1"," "
"1","38% ~01s          "
"1",""
"1"," "
"1"," |++++++++++++++++++++                              |"
"1"," "
"1","39% ~01s          "
"1",""
"1"," "
"1"," |++++++++++++++++++++                              |"
"1"," "
"1","40% ~01s          "
"1",""
"1"," "
"1"," |+++++++++++++++++++++                             |"
"1"," "
"1","41% ~01s          "
"1",""
"1"," "
"1"," |+++++++++++++++++++++                             |"
"1"," "
"1","42% ~01s          "
"1",""
"1"," "
"1"," |++++++++++++++++++++++                            |"
"1"," "
"1","43% ~01s          "
"1",""
"1"," "
"1"," |++++++++++++++++++++++                            |"
"1"," "
"1","44% ~01s          "
"1",""
"1"," "
"1"," |+++++++++++++++++++++++                           |"
"1"," "
"1","45% ~01s          "
"1",""
"1"," "
"1"," |+++++++++++++++++++++++                           |"
"1"," "
"1","46% ~01s          "
"1",""
"1"," "
"1"," |++++++++++++++++++++++++                          |"
"1"," "
"1","47% ~01s          "
"1",""
"1"," "
"1"," |++++++++++++++++++++++++                          |"
"1"," "
"1","48% ~01s          "
"1",""
"1"," "
"1"," |+++++++++++++++++++++++++                         |"
"1"," "
"1","49% ~01s          "
"1",""
"1"," "
"1"," |+++++++++++++++++++++++++                         |"
"1"," "
"1","50% ~01s          "
"1",""
"1"," "
"1"," |++++++++++++++++++++++++++                        |"
"1"," "
"1","51% ~01s          "
"1",""
"1"," "
"1"," |++++++++++++++++++++++++++                        |"
"1"," "
"1","52% ~01s          "
"1",""
"1"," "
"1"," |+++++++++++++++++++++++++++                       |"
"1"," "
"1","53% ~01s          "
"1",""
"1"," "
"1"," |+++++++++++++++++++++++++++                       |"
"1"," "
"1","54% ~01s          "
"1",""
"1"," "
"1"," |++++++++++++++++++++++++++++                      |"
"1"," "
"1","55% ~01s          "
"1",""
"1"," "
"1"," |++++++++++++++++++++++++++++                      |"
"1"," "
"1","56% ~01s          "
"1",""
"1"," "
"1"," |+++++++++++++++++++++++++++++                     |"
"1"," "
"1","57% ~01s          "
"1",""
"1"," "
"1"," |+++++++++++++++++++++++++++++                     |"
"1"," "
"1","58% ~01s          "
"1",""
"1"," "
"1"," |++++++++++++++++++++++++++++++                    |"
"1"," "
"1","59% ~01s          "
"1",""
"1"," "
"1"," |++++++++++++++++++++++++++++++                    |"
"1"," "
"1","60% ~01s          "
"1",""
"1"," "
"1"," |+++++++++++++++++++++++++++++++                   |"
"1"," "
"1","61% ~01s          "
"1",""
"1"," "
"1"," |+++++++++++++++++++++++++++++++                   |"
"1"," "
"1","62% ~01s          "
"1",""
"1"," "
"1"," |++++++++++++++++++++++++++++++++                  |"
"1"," "
"1","63% ~01s          "
"1",""
"1"," "
"1"," |++++++++++++++++++++++++++++++++                  |"
"1"," "
"1","64% ~01s          "
"1",""
"1"," "
"1"," |+++++++++++++++++++++++++++++++++                 |"
"1"," "
"1","65% ~01s          "
"1",""
"1"," "
"1"," |+++++++++++++++++++++++++++++++++                 |"
"1"," "
"1","66% ~01s          "
"1",""
"1"," "
"1"," |++++++++++++++++++++++++++++++++++                |"
"1"," "
"1","67% ~01s          "
"1",""
"1"," "
"1"," |++++++++++++++++++++++++++++++++++                |"
"1"," "
"1","68% ~01s          "
"1",""
"1"," "
"1"," |+++++++++++++++++++++++++++++++++++               |"
"1"," "
"1","69% ~01s          "
"1",""
"1"," "
"1"," |+++++++++++++++++++++++++++++++++++               |"
"1"," "
"1","70% ~01s          "
"1",""
"1"," "
"1"," |++++++++++++++++++++++++++++++++++++              |"
"1"," "
"1","71% ~01s          "
"1",""
"1"," "
"1"," |++++++++++++++++++++++++++++++++++++              |"
"1"," "
"1","72% ~01s          "
"1",""
"1"," "
"1"," |+++++++++++++++++++++++++++++++++++++             |"
"1"," "
"1","73% ~01s          "
"1",""
"1"," "
"1"," |+++++++++++++++++++++++++++++++++++++             |"
"1"," "
"1","74% ~00s          "
"1",""
"1"," "
"1"," |++++++++++++++++++++++++++++++++++++++            |"
"1"," "
"1","75% ~00s          "
"1",""
"1"," "
"1"," |++++++++++++++++++++++++++++++++++++++            |"
"1"," "
"1","76% ~00s          "
"1",""
"1"," "
"1"," |+++++++++++++++++++++++++++++++++++++++           |"
"1"," "
"1","77% ~00s          "
"1",""
"1"," "
"1"," |+++++++++++++++++++++++++++++++++++++++           |"
"1"," "
"1","78% ~00s          "
"1",""
"1"," "
"1"," |++++++++++++++++++++++++++++++++++++++++          |"
"1"," "
"1","79% ~00s          "
"1",""
"1"," "
"1"," |++++++++++++++++++++++++++++++++++++++++          |"
"1"," "
"1","80% ~00s          "
"1",""
"1"," "
"1"," |+++++++++++++++++++++++++++++++++++++++++         |"
"1"," "
"1","81% ~00s          "
"1",""
"1"," "
"1"," |+++++++++++++++++++++++++++++++++++++++++         |"
"1"," "
"1","82% ~00s          "
"1",""
"1"," "
"1"," |++++++++++++++++++++++++++++++++++++++++++        |"
"1"," "
"1","83% ~00s          "
"1",""
"1"," "
"1"," |++++++++++++++++++++++++++++++++++++++++++        |"
"1"," "
"1","84% ~00s          "
"1",""
"1"," "
"1"," |+++++++++++++++++++++++++++++++++++++++++++       |"
"1"," "
"1","85% ~00s          "
"1",""
"1"," "
"1"," |+++++++++++++++++++++++++++++++++++++++++++       |"
"1"," "
"1","86% ~00s          "
"1",""
"1"," "
"1"," |++++++++++++++++++++++++++++++++++++++++++++      |"
"1"," "
"1","87% ~00s          "
"1",""
"1"," "
"1"," |++++++++++++++++++++++++++++++++++++++++++++      |"
"1"," "
"1","88% ~00s          "
"1",""
"1"," "
"1"," |+++++++++++++++++++++++++++++++++++++++++++++     |"
"1"," "
"1","89% ~00s          "
"1",""
"1"," "
"1"," |+++++++++++++++++++++++++++++++++++++++++++++     |"
"1"," "
"1","90% ~00s          "
"1",""
"1"," "
"1"," |++++++++++++++++++++++++++++++++++++++++++++++    |"
"1"," "
"1","91% ~00s          "
"1",""
"1"," "
"1"," |++++++++++++++++++++++++++++++++++++++++++++++    |"
"1"," "
"1","92% ~00s          "
"1",""
"1"," "
"1"," |+++++++++++++++++++++++++++++++++++++++++++++++   |"
"1"," "
"1","93% ~00s          "
"1",""
"1"," "
"1"," |+++++++++++++++++++++++++++++++++++++++++++++++   |"
"1"," "
"1","94% ~00s          "
"1",""
"1"," "
"1"," |++++++++++++++++++++++++++++++++++++++++++++++++  |"
"1"," "
"1","95% ~00s          "
"1",""
"1"," "
"1"," |++++++++++++++++++++++++++++++++++++++++++++++++  |"
"1"," "
"1","96% ~00s          "
"1",""
"1"," "
"1"," |+++++++++++++++++++++++++++++++++++++++++++++++++ |"
"1"," "
"1","97% ~00s          "
"1",""
"1"," "
"1"," |+++++++++++++++++++++++++++++++++++++++++++++++++ |"
"1"," "
"1","98% ~00s          "
"1",""
"1"," "
"1"," |++++++++++++++++++++++++++++++++++++++++++++++++++|"
"1"," "
"1","99% ~00s          "
"1",""
"1"," "
"1"," |++++++++++++++++++++++++++++++++++++++++++++++++++|"
"1"," "
"1","100% elapsed=02s  "
"1","
"
"2","Calculating cluster 2
"
"1",""
"1"," "
"1"," |                                                  |"
"1"," "
"1","0 % ~calculating  "
"1",""
"1"," "
"1"," |+                                                 |"
"1"," "
"1","1 % ~01s          "
"1",""
"1"," "
"1"," |++                                                |"
"1"," "
"1","2 % ~01s          "
"1",""
"1"," "
"1"," |++                                                |"
"1"," "
"1","3 % ~01s          "
"1",""
"1"," "
"1"," |+++                                               |"
"1"," "
"1","5 % ~01s          "
"1",""
"1"," "
"1"," |+++                                               |"
"1"," "
"1","6 % ~01s          "
"1",""
"1"," "
"1"," |++++                                              |"
"1"," "
"1","7 % ~01s          "
"1",""
"1"," "
"1"," |++++                                              |"
"1"," "
"1","8 % ~01s          "
"1",""
"1"," "
"1"," |+++++                                             |"
"1"," "
"1","9 % ~01s          "
"1",""
"1"," "
"1"," |++++++                                            |"
"1"," "
"1","10% ~01s          "
"1",""
"1"," "
"1"," |++++++                                            |"
"1"," "
"1","11% ~01s          "
"1",""
"1"," "
"1"," |+++++++                                           |"
"1"," "
"1","12% ~01s          "
"1",""
"1"," "
"1"," |+++++++                                           |"
"1"," "
"1","14% ~01s          "
"1",""
"1"," "
"1"," |++++++++                                          |"
"1"," "
"1","15% ~01s          "
"1",""
"1"," "
"1"," |++++++++                                          |"
"1"," "
"1","16% ~01s          "
"1",""
"1"," "
"1"," |+++++++++                                         |"
"1"," "
"1","17% ~01s          "
"1",""
"1"," "
"1"," |++++++++++                                        |"
"1"," "
"1","18% ~01s          "
"1",""
"1"," "
"1"," |++++++++++                                        |"
"1"," "
"1","19% ~01s          "
"1",""
"1"," "
"1"," |+++++++++++                                       |"
"1"," "
"1","20% ~01s          "
"1",""
"1"," "
"1"," |+++++++++++                                       |"
"1"," "
"1","22% ~01s          "
"1",""
"1"," "
"1"," |++++++++++++                                      |"
"1"," "
"1","23% ~01s          "
"1",""
"1"," "
"1"," |++++++++++++                                      |"
"1"," "
"1","24% ~01s          "
"1",""
"1"," "
"1"," |+++++++++++++                                     |"
"1"," "
"1","25% ~01s          "
"1",""
"1"," "
"1"," |++++++++++++++                                    |"
"1"," "
"1","26% ~01s          "
"1",""
"1"," "
"1"," |++++++++++++++                                    |"
"1"," "
"1","27% ~01s          "
"1",""
"1"," "
"1"," |+++++++++++++++                                   |"
"1"," "
"1","28% ~01s          "
"1",""
"1"," "
"1"," |+++++++++++++++                                   |"
"1"," "
"1","30% ~01s          "
"1",""
"1"," "
"1"," |++++++++++++++++                                  |"
"1"," "
"1","31% ~01s          "
"1",""
"1"," "
"1"," |++++++++++++++++                                  |"
"1"," "
"1","32% ~01s          "
"1",""
"1"," "
"1"," |+++++++++++++++++                                 |"
"1"," "
"1","33% ~01s          "
"1",""
"1"," "
"1"," |++++++++++++++++++                                |"
"1"," "
"1","34% ~01s          "
"1",""
"1"," "
"1"," |++++++++++++++++++                                |"
"1"," "
"1","35% ~01s          "
"1",""
"1"," "
"1"," |+++++++++++++++++++                               |"
"1"," "
"1","36% ~01s          "
"1",""
"1"," "
"1"," |+++++++++++++++++++                               |"
"1"," "
"1","38% ~01s          "
"1",""
"1"," "
"1"," |++++++++++++++++++++                              |"
"1"," "
"1","39% ~01s          "
"1",""
"1"," "
"1"," |++++++++++++++++++++                              |"
"1"," "
"1","40% ~00s          "
"1",""
"1"," "
"1"," |+++++++++++++++++++++                             |"
"1"," "
"1","41% ~00s          "
"1",""
"1"," "
"1"," |++++++++++++++++++++++                            |"
"1"," "
"1","42% ~00s          "
"1",""
"1"," "
"1"," |++++++++++++++++++++++                            |"
"1"," "
"1","43% ~00s          "
"1",""
"1"," "
"1"," |+++++++++++++++++++++++                           |"
"1"," "
"1","44% ~00s          "
"1",""
"1"," "
"1"," |+++++++++++++++++++++++                           |"
"1"," "
"1","45% ~01s          "
"1",""
"1"," "
"1"," |++++++++++++++++++++++++                          |"
"1"," "
"1","47% ~01s          "
"1",""
"1"," "
"1"," |++++++++++++++++++++++++                          |"
"1"," "
"1","48% ~01s          "
"1",""
"1"," "
"1"," |+++++++++++++++++++++++++                         |"
"1"," "
"1","49% ~00s          "
"1",""
"1"," "
"1"," |+++++++++++++++++++++++++                         |"
"1"," "
"1","50% ~00s          "
"1",""
"1"," "
"1"," |++++++++++++++++++++++++++                        |"
"1"," "
"1","51% ~00s          "
"1",""
"1"," "
"1"," |+++++++++++++++++++++++++++                       |"
"1"," "
"1","52% ~00s          "
"1",""
"1"," "
"1"," |+++++++++++++++++++++++++++                       |"
"1"," "
"1","53% ~00s          "
"1",""
"1"," "
"1"," |++++++++++++++++++++++++++++                      |"
"1"," "
"1","55% ~00s          "
"1",""
"1"," "
"1"," |++++++++++++++++++++++++++++                      |"
"1"," "
"1","56% ~00s          "
"1",""
"1"," "
"1"," |+++++++++++++++++++++++++++++                     |"
"1"," "
"1","57% ~00s          "
"1",""
"1"," "
"1"," |+++++++++++++++++++++++++++++                     |"
"1"," "
"1","58% ~00s          "
"1",""
"1"," "
"1"," |++++++++++++++++++++++++++++++                    |"
"1"," "
"1","59% ~00s          "
"1",""
"1"," "
"1"," |+++++++++++++++++++++++++++++++                   |"
"1"," "
"1","60% ~00s          "
"1",""
"1"," "
"1"," |+++++++++++++++++++++++++++++++                   |"
"1"," "
"1","61% ~00s          "
"1",""
"1"," "
"1"," |++++++++++++++++++++++++++++++++                  |"
"1"," "
"1","62% ~00s          "
"1",""
"1"," "
"1"," |++++++++++++++++++++++++++++++++                  |"
"1"," "
"1","64% ~00s          "
"1",""
"1"," "
"1"," |+++++++++++++++++++++++++++++++++                 |"
"1"," "
"1","65% ~00s          "
"1",""
"1"," "
"1"," |+++++++++++++++++++++++++++++++++                 |"
"1"," "
"1","66% ~00s          "
"1",""
"1"," "
"1"," |++++++++++++++++++++++++++++++++++                |"
"1"," "
"1","67% ~00s          "
"1",""
"1"," "
"1"," |+++++++++++++++++++++++++++++++++++               |"
"1"," "
"1","68% ~00s          "
"1",""
"1"," "
"1"," |+++++++++++++++++++++++++++++++++++               |"
"1"," "
"1","69% ~00s          "
"1",""
"1"," "
"1"," |++++++++++++++++++++++++++++++++++++              |"
"1"," "
"1","70% ~00s          "
"1",""
"1"," "
"1"," |++++++++++++++++++++++++++++++++++++              |"
"1"," "
"1","72% ~00s          "
"1",""
"1"," "
"1"," |+++++++++++++++++++++++++++++++++++++             |"
"1"," "
"1","73% ~00s          "
"1",""
"1"," "
"1"," |+++++++++++++++++++++++++++++++++++++             |"
"1"," "
"1","74% ~00s          "
"1",""
"1"," "
"1"," |++++++++++++++++++++++++++++++++++++++            |"
"1"," "
"1","75% ~00s          "
"1",""
"1"," "
"1"," |+++++++++++++++++++++++++++++++++++++++           |"
"1"," "
"1","76% ~00s          "
"1",""
"1"," "
"1"," |+++++++++++++++++++++++++++++++++++++++           |"
"1"," "
"1","77% ~00s          "
"1",""
"1"," "
"1"," |++++++++++++++++++++++++++++++++++++++++          |"
"1"," "
"1","78% ~00s          "
"1",""
"1"," "
"1"," |++++++++++++++++++++++++++++++++++++++++          |"
"1"," "
"1","80% ~00s          "
"1",""
"1"," "
"1"," |+++++++++++++++++++++++++++++++++++++++++         |"
"1"," "
"1","81% ~00s          "
"1",""
"1"," "
"1"," |+++++++++++++++++++++++++++++++++++++++++         |"
"1"," "
"1","82% ~00s          "
"1",""
"1"," "
"1"," |++++++++++++++++++++++++++++++++++++++++++        |"
"1"," "
"1","83% ~00s          "
"1",""
"1"," "
"1"," |+++++++++++++++++++++++++++++++++++++++++++       |"
"1"," "
"1","84% ~00s          "
"1",""
"1"," "
"1"," |+++++++++++++++++++++++++++++++++++++++++++       |"
"1"," "
"1","85% ~00s          "
"1",""
"1"," "
"1"," |++++++++++++++++++++++++++++++++++++++++++++      |"
"1"," "
"1","86% ~00s          "
"1",""
"1"," "
"1"," |++++++++++++++++++++++++++++++++++++++++++++      |"
"1"," "
"1","88% ~00s          "
"1",""
"1"," "
"1"," |+++++++++++++++++++++++++++++++++++++++++++++     |"
"1"," "
"1","89% ~00s          "
"1",""
"1"," "
"1"," |+++++++++++++++++++++++++++++++++++++++++++++     |"
"1"," "
"1","90% ~00s          "
"1",""
"1"," "
"1"," |++++++++++++++++++++++++++++++++++++++++++++++    |"
"1"," "
"1","91% ~00s          "
"1",""
"1"," "
"1"," |+++++++++++++++++++++++++++++++++++++++++++++++   |"
"1"," "
"1","92% ~00s          "
"1",""
"1"," "
"1"," |+++++++++++++++++++++++++++++++++++++++++++++++   |"
"1"," "
"1","93% ~00s          "
"1",""
"1"," "
"1"," |++++++++++++++++++++++++++++++++++++++++++++++++  |"
"1"," "
"1","94% ~00s          "
"1",""
"1"," "
"1"," |++++++++++++++++++++++++++++++++++++++++++++++++  |"
"1"," "
"1","95% ~00s          "
"1",""
"1"," "
"1"," |+++++++++++++++++++++++++++++++++++++++++++++++++ |"
"1"," "
"1","97% ~00s          "
"1",""
"1"," "
"1"," |+++++++++++++++++++++++++++++++++++++++++++++++++ |"
"1"," "
"1","98% ~00s          "
"1",""
"1"," "
"1"," |++++++++++++++++++++++++++++++++++++++++++++++++++|"
"1"," "
"1","99% ~00s          "
"1",""
"1"," "
"1"," |++++++++++++++++++++++++++++++++++++++++++++++++++|"
"1"," "
"1","100% elapsed=01s  "
"1","
"
"2","Calculating cluster 3
"
"1",""
"1"," "
"1"," |                                                  |"
"1"," "
"1","0 % ~calculating  "
"1",""
"1"," "
"1"," |+                                                 |"
"1"," "
"1","1 % ~01s          "
"1",""
"1"," "
"1"," |++                                                |"
"1"," "
"1","2 % ~01s          "
"1",""
"1"," "
"1"," |++                                                |"
"1"," "
"1","4 % ~01s          "
"1",""
"1"," "
"1"," |+++                                               |"
"1"," "
"1","5 % ~01s          "
"1",""
"1"," "
"1"," |++++                                              |"
"1"," "
"1","6 % ~01s          "
"1",""
"1"," "
"1"," |++++                                              |"
"1"," "
"1","7 % ~01s          "
"1",""
"1"," "
"1"," |+++++                                             |"
"1"," "
"1","8 % ~01s          "
"1",""
"1"," "
"1"," |+++++                                             |"
"1"," "
"1","10% ~01s          "
"1",""
"1"," "
"1"," |++++++                                            |"
"1"," "
"1","11% ~01s          "
"1",""
"1"," "
"1"," |+++++++                                           |"
"1"," "
"1","12% ~01s          "
"1",""
"1"," "
"1"," |+++++++                                           |"
"1"," "
"1","13% ~01s          "
"1",""
"1"," "
"1"," |++++++++                                          |"
"1"," "
"1","14% ~01s          "
"1",""
"1"," "
"1"," |++++++++                                          |"
"1"," "
"1","16% ~01s          "
"1",""
"1"," "
"1"," |+++++++++                                         |"
"1"," "
"1","17% ~01s          "
"1",""
"1"," "
"1"," |++++++++++                                        |"
"1"," "
"1","18% ~01s          "
"1",""
"1"," "
"1"," |++++++++++                                        |"
"1"," "
"1","19% ~01s          "
"1",""
"1"," "
"1"," |+++++++++++                                       |"
"1"," "
"1","20% ~01s          "
"1",""
"1"," "
"1"," |+++++++++++                                       |"
"1"," "
"1","22% ~01s          "
"1",""
"1"," "
"1"," |++++++++++++                                      |"
"1"," "
"1","23% ~01s          "
"1",""
"1"," "
"1"," |+++++++++++++                                     |"
"1"," "
"1","24% ~01s          "
"1",""
"1"," "
"1"," |+++++++++++++                                     |"
"1"," "
"1","25% ~01s          "
"1",""
"1"," "
"1"," |++++++++++++++                                    |"
"1"," "
"1","27% ~01s          "
"1",""
"1"," "
"1"," |++++++++++++++                                    |"
"1"," "
"1","28% ~01s          "
"1",""
"1"," "
"1"," |+++++++++++++++                                   |"
"1"," "
"1","29% ~01s          "
"1",""
"1"," "
"1"," |++++++++++++++++                                  |"
"1"," "
"1","30% ~01s          "
"1",""
"1"," "
"1"," |++++++++++++++++                                  |"
"1"," "
"1","31% ~01s          "
"1",""
"1"," "
"1"," |+++++++++++++++++                                 |"
"1"," "
"1","33% ~01s          "
"1",""
"1"," "
"1"," |+++++++++++++++++                                 |"
"1"," "
"1","34% ~01s          "
"1",""
"1"," "
"1"," |++++++++++++++++++                                |"
"1"," "
"1","35% ~01s          "
"1",""
"1"," "
"1"," |+++++++++++++++++++                               |"
"1"," "
"1","36% ~01s          "
"1",""
"1"," "
"1"," |+++++++++++++++++++                               |"
"1"," "
"1","37% ~01s          "
"1",""
"1"," "
"1"," |++++++++++++++++++++                              |"
"1"," "
"1","39% ~00s          "
"1",""
"1"," "
"1"," |++++++++++++++++++++                              |"
"1"," "
"1","40% ~00s          "
"1",""
"1"," "
"1"," |+++++++++++++++++++++                             |"
"1"," "
"1","41% ~00s          "
"1",""
"1"," "
"1"," |++++++++++++++++++++++                            |"
"1"," "
"1","42% ~00s          "
"1",""
"1"," "
"1"," |++++++++++++++++++++++                            |"
"1"," "
"1","43% ~00s          "
"1",""
"1"," "
"1"," |+++++++++++++++++++++++                           |"
"1"," "
"1","45% ~00s          "
"1",""
"1"," "
"1"," |+++++++++++++++++++++++                           |"
"1"," "
"1","46% ~00s          "
"1",""
"1"," "
"1"," |++++++++++++++++++++++++                          |"
"1"," "
"1","47% ~00s          "
"1",""
"1"," "
"1"," |+++++++++++++++++++++++++                         |"
"1"," "
"1","48% ~00s          "
"1",""
"1"," "
"1"," |+++++++++++++++++++++++++                         |"
"1"," "
"1","49% ~00s          "
"1",""
"1"," "
"1"," |++++++++++++++++++++++++++                        |"
"1"," "
"1","51% ~00s          "
"1",""
"1"," "
"1"," |++++++++++++++++++++++++++                        |"
"1"," "
"1","52% ~00s          "
"1",""
"1"," "
"1"," |+++++++++++++++++++++++++++                       |"
"1"," "
"1","53% ~00s          "
"1",""
"1"," "
"1"," |++++++++++++++++++++++++++++                      |"
"1"," "
"1","54% ~00s          "
"1",""
"1"," "
"1"," |++++++++++++++++++++++++++++                      |"
"1"," "
"1","55% ~00s          "
"1",""
"1"," "
"1"," |+++++++++++++++++++++++++++++                     |"
"1"," "
"1","57% ~00s          "
"1",""
"1"," "
"1"," |+++++++++++++++++++++++++++++                     |"
"1"," "
"1","58% ~00s          "
"1",""
"1"," "
"1"," |++++++++++++++++++++++++++++++                    |"
"1"," "
"1","59% ~00s          "
"1",""
"1"," "
"1"," |+++++++++++++++++++++++++++++++                   |"
"1"," "
"1","60% ~00s          "
"1",""
"1"," "
"1"," |+++++++++++++++++++++++++++++++                   |"
"1"," "
"1","61% ~00s          "
"1",""
"1"," "
"1"," |++++++++++++++++++++++++++++++++                  |"
"1"," "
"1","63% ~00s          "
"1",""
"1"," "
"1"," |++++++++++++++++++++++++++++++++                  |"
"1"," "
"1","64% ~00s          "
"1",""
"1"," "
"1"," |+++++++++++++++++++++++++++++++++                 |"
"1"," "
"1","65% ~00s          "
"1",""
"1"," "
"1"," |++++++++++++++++++++++++++++++++++                |"
"1"," "
"1","66% ~00s          "
"1",""
"1"," "
"1"," |++++++++++++++++++++++++++++++++++                |"
"1"," "
"1","67% ~00s          "
"1",""
"1"," "
"1"," |+++++++++++++++++++++++++++++++++++               |"
"1"," "
"1","69% ~00s          "
"1",""
"1"," "
"1"," |+++++++++++++++++++++++++++++++++++               |"
"1"," "
"1","70% ~00s          "
"1",""
"1"," "
"1"," |++++++++++++++++++++++++++++++++++++              |"
"1"," "
"1","71% ~00s          "
"1",""
"1"," "
"1"," |+++++++++++++++++++++++++++++++++++++             |"
"1"," "
"1","72% ~00s          "
"1",""
"1"," "
"1"," |+++++++++++++++++++++++++++++++++++++             |"
"1"," "
"1","73% ~00s          "
"1",""
"1"," "
"1"," |++++++++++++++++++++++++++++++++++++++            |"
"1"," "
"1","75% ~00s          "
"1",""
"1"," "
"1"," |++++++++++++++++++++++++++++++++++++++            |"
"1"," "
"1","76% ~00s          "
"1",""
"1"," "
"1"," |+++++++++++++++++++++++++++++++++++++++           |"
"1"," "
"1","77% ~00s          "
"1",""
"1"," "
"1"," |++++++++++++++++++++++++++++++++++++++++          |"
"1"," "
"1","78% ~00s          "
"1",""
"1"," "
"1"," |++++++++++++++++++++++++++++++++++++++++          |"
"1"," "
"1","80% ~00s          "
"1",""
"1"," "
"1"," |+++++++++++++++++++++++++++++++++++++++++         |"
"1"," "
"1","81% ~00s          "
"1",""
"1"," "
"1"," |+++++++++++++++++++++++++++++++++++++++++         |"
"1"," "
"1","82% ~00s          "
"1",""
"1"," "
"1"," |++++++++++++++++++++++++++++++++++++++++++        |"
"1"," "
"1","83% ~00s          "
"1",""
"1"," "
"1"," |+++++++++++++++++++++++++++++++++++++++++++       |"
"1"," "
"1","84% ~00s          "
"1",""
"1"," "
"1"," |+++++++++++++++++++++++++++++++++++++++++++       |"
"1"," "
"1","86% ~00s          "
"1",""
"1"," "
"1"," |++++++++++++++++++++++++++++++++++++++++++++      |"
"1"," "
"1","87% ~00s          "
"1",""
"1"," "
"1"," |++++++++++++++++++++++++++++++++++++++++++++      |"
"1"," "
"1","88% ~00s          "
"1",""
"1"," "
"1"," |+++++++++++++++++++++++++++++++++++++++++++++     |"
"1"," "
"1","89% ~00s          "
"1",""
"1"," "
"1"," |++++++++++++++++++++++++++++++++++++++++++++++    |"
"1"," "
"1","90% ~00s          "
"1",""
"1"," "
"1"," |++++++++++++++++++++++++++++++++++++++++++++++    |"
"1"," "
"1","92% ~00s          "
"1",""
"1"," "
"1"," |+++++++++++++++++++++++++++++++++++++++++++++++   |"
"1"," "
"1","93% ~00s          "
"1",""
"1"," "
"1"," |+++++++++++++++++++++++++++++++++++++++++++++++   |"
"1"," "
"1","94% ~00s          "
"1",""
"1"," "
"1"," |++++++++++++++++++++++++++++++++++++++++++++++++  |"
"1"," "
"1","95% ~00s          "
"1",""
"1"," "
"1"," |+++++++++++++++++++++++++++++++++++++++++++++++++ |"
"1"," "
"1","96% ~00s          "
"1",""
"1"," "
"1"," |+++++++++++++++++++++++++++++++++++++++++++++++++ |"
"1"," "
"1","98% ~00s          "
"1",""
"1"," "
"1"," |++++++++++++++++++++++++++++++++++++++++++++++++++|"
"1"," "
"1","99% ~00s          "
"1",""
"1"," "
"1"," |++++++++++++++++++++++++++++++++++++++++++++++++++|"
"1"," "
"1","100% elapsed=01s  "
"1","
"
"2","Calculating cluster 4
"
"1",""
"1"," "
"1"," |                                                  |"
"1"," "
"1","0 % ~calculating  "
"1",""
"1"," "
"1"," |+                                                 |"
"1"," "
"1","1 % ~01s          "
"1",""
"1"," "
"1"," |++                                                |"
"1"," "
"1","3 % ~01s          "
"1",""
"1"," "
"1"," |+++                                               |"
"1"," "
"1","4 % ~01s          "
"1",""
"1"," "
"1"," |+++                                               |"
"1"," "
"1","5 % ~01s          "
"1",""
"1"," "
"1"," |++++                                              |"
"1"," "
"1","7 % ~01s          "
"1",""
"1"," "
"1"," |+++++                                             |"
"1"," "
"1","8 % ~01s          "
"1",""
"1"," "
"1"," |+++++                                             |"
"1"," "
"1","10% ~01s          "
"1",""
"1"," "
"1"," |++++++                                            |"
"1"," "
"1","11% ~01s          "
"1",""
"1"," "
"1"," |+++++++                                           |"
"1"," "
"1","12% ~01s          "
"1",""
"1"," "
"1"," |+++++++                                           |"
"1"," "
"1","14% ~01s          "
"1",""
"1"," "
"1"," |++++++++                                          |"
"1"," "
"1","15% ~01s          "
"1",""
"1"," "
"1"," |+++++++++                                         |"
"1"," "
"1","16% ~01s          "
"1",""
"1"," "
"1"," |+++++++++                                         |"
"1"," "
"1","18% ~01s          "
"1",""
"1"," "
"1"," |++++++++++                                        |"
"1"," "
"1","19% ~01s          "
"1",""
"1"," "
"1"," |+++++++++++                                       |"
"1"," "
"1","21% ~01s          "
"1",""
"1"," "
"1"," |+++++++++++                                       |"
"1"," "
"1","22% ~01s          "
"1",""
"1"," "
"1"," |++++++++++++                                      |"
"1"," "
"1","23% ~01s          "
"1",""
"1"," "
"1"," |+++++++++++++                                     |"
"1"," "
"1","25% ~01s          "
"1",""
"1"," "
"1"," |++++++++++++++                                    |"
"1"," "
"1","26% ~01s          "
"1",""
"1"," "
"1"," |++++++++++++++                                    |"
"1"," "
"1","27% ~01s          "
"1",""
"1"," "
"1"," |+++++++++++++++                                   |"
"1"," "
"1","29% ~01s          "
"1",""
"1"," "
"1"," |++++++++++++++++                                  |"
"1"," "
"1","30% ~01s          "
"1",""
"1"," "
"1"," |++++++++++++++++                                  |"
"1"," "
"1","32% ~01s          "
"1",""
"1"," "
"1"," |+++++++++++++++++                                 |"
"1"," "
"1","33% ~01s          "
"1",""
"1"," "
"1"," |++++++++++++++++++                                |"
"1"," "
"1","34% ~01s          "
"1",""
"1"," "
"1"," |++++++++++++++++++                                |"
"1"," "
"1","36% ~01s          "
"1",""
"1"," "
"1"," |+++++++++++++++++++                               |"
"1"," "
"1","37% ~01s          "
"1",""
"1"," "
"1"," |++++++++++++++++++++                              |"
"1"," "
"1","38% ~01s          "
"1",""
"1"," "
"1"," |++++++++++++++++++++                              |"
"1"," "
"1","40% ~01s          "
"1",""
"1"," "
"1"," |+++++++++++++++++++++                             |"
"1"," "
"1","41% ~01s          "
"1",""
"1"," "
"1"," |++++++++++++++++++++++                            |"
"1"," "
"1","42% ~01s          "
"1",""
"1"," "
"1"," |++++++++++++++++++++++                            |"
"1"," "
"1","44% ~01s          "
"1",""
"1"," "
"1"," |+++++++++++++++++++++++                           |"
"1"," "
"1","45% ~01s          "
"1",""
"1"," "
"1"," |++++++++++++++++++++++++                          |"
"1"," "
"1","47% ~01s          "
"1",""
"1"," "
"1"," |++++++++++++++++++++++++                          |"
"1"," "
"1","48% ~00s          "
"1",""
"1"," "
"1"," |+++++++++++++++++++++++++                         |"
"1"," "
"1","49% ~00s          "
"1",""
"1"," "
"1"," |++++++++++++++++++++++++++                        |"
"1"," "
"1","51% ~00s          "
"1",""
"1"," "
"1"," |+++++++++++++++++++++++++++                       |"
"1"," "
"1","52% ~00s          "
"1",""
"1"," "
"1"," |+++++++++++++++++++++++++++                       |"
"1"," "
"1","53% ~00s          "
"1",""
"1"," "
"1"," |++++++++++++++++++++++++++++                      |"
"1"," "
"1","55% ~00s          "
"1",""
"1"," "
"1"," |+++++++++++++++++++++++++++++                     |"
"1"," "
"1","56% ~00s          "
"1",""
"1"," "
"1"," |+++++++++++++++++++++++++++++                     |"
"1"," "
"1","58% ~00s          "
"1",""
"1"," "
"1"," |++++++++++++++++++++++++++++++                    |"
"1"," "
"1","59% ~00s          "
"1",""
"1"," "
"1"," |+++++++++++++++++++++++++++++++                   |"
"1"," "
"1","60% ~00s          "
"1",""
"1"," "
"1"," |+++++++++++++++++++++++++++++++                   |"
"1"," "
"1","62% ~00s          "
"1",""
"1"," "
"1"," |++++++++++++++++++++++++++++++++                  |"
"1"," "
"1","63% ~00s          "
"1",""
"1"," "
"1"," |+++++++++++++++++++++++++++++++++                 |"
"1"," "
"1","64% ~00s          "
"1",""
"1"," "
"1"," |+++++++++++++++++++++++++++++++++                 |"
"1"," "
"1","66% ~00s          "
"1",""
"1"," "
"1"," |++++++++++++++++++++++++++++++++++                |"
"1"," "
"1","67% ~00s          "
"1",""
"1"," "
"1"," |+++++++++++++++++++++++++++++++++++               |"
"1"," "
"1","68% ~00s          "
"1",""
"1"," "
"1"," |+++++++++++++++++++++++++++++++++++               |"
"1"," "
"1","70% ~00s          "
"1",""
"1"," "
"1"," |++++++++++++++++++++++++++++++++++++              |"
"1"," "
"1","71% ~00s          "
"1",""
"1"," "
"1"," |+++++++++++++++++++++++++++++++++++++             |"
"1"," "
"1","73% ~00s          "
"1",""
"1"," "
"1"," |+++++++++++++++++++++++++++++++++++++             |"
"1"," "
"1","74% ~00s          "
"1",""
"1"," "
"1"," |++++++++++++++++++++++++++++++++++++++            |"
"1"," "
"1","75% ~00s          "
"1",""
"1"," "
"1"," |+++++++++++++++++++++++++++++++++++++++           |"
"1"," "
"1","77% ~00s          "
"1",""
"1"," "
"1"," |++++++++++++++++++++++++++++++++++++++++          |"
"1"," "
"1","78% ~00s          "
"1",""
"1"," "
"1"," |++++++++++++++++++++++++++++++++++++++++          |"
"1"," "
"1","79% ~00s          "
"1",""
"1"," "
"1"," |+++++++++++++++++++++++++++++++++++++++++         |"
"1"," "
"1","81% ~00s          "
"1",""
"1"," "
"1"," |++++++++++++++++++++++++++++++++++++++++++        |"
"1"," "
"1","82% ~00s          "
"1",""
"1"," "
"1"," |++++++++++++++++++++++++++++++++++++++++++        |"
"1"," "
"1","84% ~00s          "
"1",""
"1"," "
"1"," |+++++++++++++++++++++++++++++++++++++++++++       |"
"1"," "
"1","85% ~00s          "
"1",""
"1"," "
"1"," |++++++++++++++++++++++++++++++++++++++++++++      |"
"1"," "
"1","86% ~00s          "
"1",""
"1"," "
"1"," |++++++++++++++++++++++++++++++++++++++++++++      |"
"1"," "
"1","88% ~00s          "
"1",""
"1"," "
"1"," |+++++++++++++++++++++++++++++++++++++++++++++     |"
"1"," "
"1","89% ~00s          "
"1",""
"1"," "
"1"," |++++++++++++++++++++++++++++++++++++++++++++++    |"
"1"," "
"1","90% ~00s          "
"1",""
"1"," "
"1"," |++++++++++++++++++++++++++++++++++++++++++++++    |"
"1"," "
"1","92% ~00s          "
"1",""
"1"," "
"1"," |+++++++++++++++++++++++++++++++++++++++++++++++   |"
"1"," "
"1","93% ~00s          "
"1",""
"1"," "
"1"," |++++++++++++++++++++++++++++++++++++++++++++++++  |"
"1"," "
"1","95% ~00s          "
"1",""
"1"," "
"1"," |++++++++++++++++++++++++++++++++++++++++++++++++  |"
"1"," "
"1","96% ~00s          "
"1",""
"1"," "
"1"," |+++++++++++++++++++++++++++++++++++++++++++++++++ |"
"1"," "
"1","97% ~00s          "
"1",""
"1"," "
"1"," |++++++++++++++++++++++++++++++++++++++++++++++++++|"
"1"," "
"1","99% ~00s          "
"1",""
"1"," "
"1"," |++++++++++++++++++++++++++++++++++++++++++++++++++|"
"1"," "
"1","100% elapsed=01s  "
"1","
"
"2","Calculating cluster 5
"
"1",""
"1"," "
"1"," |                                                  |"
"1"," "
"1","0 % ~calculating  "
"1",""
"1"," "
"1"," |+                                                 |"
"1"," "
"1","1 % ~03s          "
"1",""
"1"," "
"1"," |++                                                |"
"1"," "
"1","2 % ~03s          "
"1",""
"1"," "
"1"," |++                                                |"
"1"," "
"1","3 % ~03s          "
"1",""
"1"," "
"1"," |+++                                               |"
"1"," "
"1","5 % ~03s          "
"1",""
"1"," "
"1"," |+++                                               |"
"1"," "
"1","6 % ~03s          "
"1",""
"1"," "
"1"," |++++                                              |"
"1"," "
"1","7 % ~03s          "
"1",""
"1"," "
"1"," |++++                                              |"
"1"," "
"1","8 % ~03s          "
"1",""
"1"," "
"1"," |+++++                                             |"
"1"," "
"1","9 % ~03s          "
"1",""
"1"," "
"1"," |++++++                                            |"
"1"," "
"1","10% ~03s          "
"1",""
"1"," "
"1"," |++++++                                            |"
"1"," "
"1","11% ~03s          "
"1",""
"1"," "
"1"," |+++++++                                           |"
"1"," "
"1","12% ~02s          "
"1",""
"1"," "
"1"," |+++++++                                           |"
"1"," "
"1","14% ~02s          "
"1",""
"1"," "
"1"," |++++++++                                          |"
"1"," "
"1","15% ~02s          "
"1",""
"1"," "
"1"," |++++++++                                          |"
"1"," "
"1","16% ~02s          "
"1",""
"1"," "
"1"," |+++++++++                                         |"
"1"," "
"1","17% ~02s          "
"1",""
"1"," "
"1"," |++++++++++                                        |"
"1"," "
"1","18% ~02s          "
"1",""
"1"," "
"1"," |++++++++++                                        |"
"1"," "
"1","19% ~02s          "
"1",""
"1"," "
"1"," |+++++++++++                                       |"
"1"," "
"1","20% ~02s          "
"1",""
"1"," "
"1"," |+++++++++++                                       |"
"1"," "
"1","22% ~02s          "
"1",""
"1"," "
"1"," |++++++++++++                                      |"
"1"," "
"1","23% ~02s          "
"1",""
"1"," "
"1"," |++++++++++++                                      |"
"1"," "
"1","24% ~02s          "
"1",""
"1"," "
"1"," |+++++++++++++                                     |"
"1"," "
"1","25% ~02s          "
"1",""
"1"," "
"1"," |++++++++++++++                                    |"
"1"," "
"1","26% ~02s          "
"1",""
"1"," "
"1"," |++++++++++++++                                    |"
"1"," "
"1","27% ~02s          "
"1",""
"1"," "
"1"," |+++++++++++++++                                   |"
"1"," "
"1","28% ~02s          "
"1",""
"1"," "
"1"," |+++++++++++++++                                   |"
"1"," "
"1","30% ~02s          "
"1",""
"1"," "
"1"," |++++++++++++++++                                  |"
"1"," "
"1","31% ~02s          "
"1",""
"1"," "
"1"," |++++++++++++++++                                  |"
"1"," "
"1","32% ~02s          "
"1",""
"1"," "
"1"," |+++++++++++++++++                                 |"
"1"," "
"1","33% ~02s          "
"1",""
"1"," "
"1"," |++++++++++++++++++                                |"
"1"," "
"1","34% ~02s          "
"1",""
"1"," "
"1"," |++++++++++++++++++                                |"
"1"," "
"1","35% ~02s          "
"1",""
"1"," "
"1"," |+++++++++++++++++++                               |"
"1"," "
"1","36% ~02s          "
"1",""
"1"," "
"1"," |+++++++++++++++++++                               |"
"1"," "
"1","38% ~02s          "
"1",""
"1"," "
"1"," |++++++++++++++++++++                              |"
"1"," "
"1","39% ~02s          "
"1",""
"1"," "
"1"," |++++++++++++++++++++                              |"
"1"," "
"1","40% ~02s          "
"1",""
"1"," "
"1"," |+++++++++++++++++++++                             |"
"1"," "
"1","41% ~02s          "
"1",""
"1"," "
"1"," |++++++++++++++++++++++                            |"
"1"," "
"1","42% ~02s          "
"1",""
"1"," "
"1"," |++++++++++++++++++++++                            |"
"1"," "
"1","43% ~02s          "
"1",""
"1"," "
"1"," |+++++++++++++++++++++++                           |"
"1"," "
"1","44% ~02s          "
"1",""
"1"," "
"1"," |+++++++++++++++++++++++                           |"
"1"," "
"1","45% ~02s          "
"1",""
"1"," "
"1"," |++++++++++++++++++++++++                          |"
"1"," "
"1","47% ~02s          "
"1",""
"1"," "
"1"," |++++++++++++++++++++++++                          |"
"1"," "
"1","48% ~02s          "
"1",""
"1"," "
"1"," |+++++++++++++++++++++++++                         |"
"1"," "
"1","49% ~01s          "
"1",""
"1"," "
"1"," |+++++++++++++++++++++++++                         |"
"1"," "
"1","50% ~01s          "
"1",""
"1"," "
"1"," |++++++++++++++++++++++++++                        |"
"1"," "
"1","51% ~01s          "
"1",""
"1"," "
"1"," |+++++++++++++++++++++++++++                       |"
"1"," "
"1","52% ~01s          "
"1",""
"1"," "
"1"," |+++++++++++++++++++++++++++                       |"
"1"," "
"1","53% ~01s          "
"1",""
"1"," "
"1"," |++++++++++++++++++++++++++++                      |"
"1"," "
"1","55% ~01s          "
"1",""
"1"," "
"1"," |++++++++++++++++++++++++++++                      |"
"1"," "
"1","56% ~01s          "
"1",""
"1"," "
"1"," |+++++++++++++++++++++++++++++                     |"
"1"," "
"1","57% ~01s          "
"1",""
"1"," "
"1"," |+++++++++++++++++++++++++++++                     |"
"1"," "
"1","58% ~01s          "
"1",""
"1"," "
"1"," |++++++++++++++++++++++++++++++                    |"
"1"," "
"1","59% ~01s          "
"1",""
"1"," "
"1"," |+++++++++++++++++++++++++++++++                   |"
"1"," "
"1","60% ~01s          "
"1",""
"1"," "
"1"," |+++++++++++++++++++++++++++++++                   |"
"1"," "
"1","61% ~01s          "
"1",""
"1"," "
"1"," |++++++++++++++++++++++++++++++++                  |"
"1"," "
"1","62% ~01s          "
"1",""
"1"," "
"1"," |++++++++++++++++++++++++++++++++                  |"
"1"," "
"1","64% ~01s          "
"1",""
"1"," "
"1"," |+++++++++++++++++++++++++++++++++                 |"
"1"," "
"1","65% ~01s          "
"1",""
"1"," "
"1"," |+++++++++++++++++++++++++++++++++                 |"
"1"," "
"1","66% ~01s          "
"1",""
"1"," "
"1"," |++++++++++++++++++++++++++++++++++                |"
"1"," "
"1","67% ~01s          "
"1",""
"1"," "
"1"," |+++++++++++++++++++++++++++++++++++               |"
"1"," "
"1","68% ~01s          "
"1",""
"1"," "
"1"," |+++++++++++++++++++++++++++++++++++               |"
"1"," "
"1","69% ~01s          "
"1",""
"1"," "
"1"," |++++++++++++++++++++++++++++++++++++              |"
"1"," "
"1","70% ~01s          "
"1",""
"1"," "
"1"," |++++++++++++++++++++++++++++++++++++              |"
"1"," "
"1","72% ~01s          "
"1",""
"1"," "
"1"," |+++++++++++++++++++++++++++++++++++++             |"
"1"," "
"1","73% ~01s          "
"1",""
"1"," "
"1"," |+++++++++++++++++++++++++++++++++++++             |"
"1"," "
"1","74% ~01s          "
"1",""
"1"," "
"1"," |++++++++++++++++++++++++++++++++++++++            |"
"1"," "
"1","75% ~01s          "
"1",""
"1"," "
"1"," |+++++++++++++++++++++++++++++++++++++++           |"
"1"," "
"1","76% ~01s          "
"1",""
"1"," "
"1"," |+++++++++++++++++++++++++++++++++++++++           |"
"1"," "
"1","77% ~01s          "
"1",""
"1"," "
"1"," |++++++++++++++++++++++++++++++++++++++++          |"
"1"," "
"1","78% ~01s          "
"1",""
"1"," "
"1"," |++++++++++++++++++++++++++++++++++++++++          |"
"1"," "
"1","80% ~01s          "
"1",""
"1"," "
"1"," |+++++++++++++++++++++++++++++++++++++++++         |"
"1"," "
"1","81% ~01s          "
"1",""
"1"," "
"1"," |+++++++++++++++++++++++++++++++++++++++++         |"
"1"," "
"1","82% ~01s          "
"1",""
"1"," "
"1"," |++++++++++++++++++++++++++++++++++++++++++        |"
"1"," "
"1","83% ~00s          "
"1",""
"1"," "
"1"," |+++++++++++++++++++++++++++++++++++++++++++       |"
"1"," "
"1","84% ~00s          "
"1",""
"1"," "
"1"," |+++++++++++++++++++++++++++++++++++++++++++       |"
"1"," "
"1","85% ~00s          "
"1",""
"1"," "
"1"," |++++++++++++++++++++++++++++++++++++++++++++      |"
"1"," "
"1","86% ~00s          "
"1",""
"1"," "
"1"," |++++++++++++++++++++++++++++++++++++++++++++      |"
"1"," "
"1","88% ~00s          "
"1",""
"1"," "
"1"," |+++++++++++++++++++++++++++++++++++++++++++++     |"
"1"," "
"1","89% ~00s          "
"1",""
"1"," "
"1"," |+++++++++++++++++++++++++++++++++++++++++++++     |"
"1"," "
"1","90% ~00s          "
"1",""
"1"," "
"1"," |++++++++++++++++++++++++++++++++++++++++++++++    |"
"1"," "
"1","91% ~00s          "
"1",""
"1"," "
"1"," |+++++++++++++++++++++++++++++++++++++++++++++++   |"
"1"," "
"1","92% ~00s          "
"1",""
"1"," "
"1"," |+++++++++++++++++++++++++++++++++++++++++++++++   |"
"1"," "
"1","93% ~00s          "
"1",""
"1"," "
"1"," |++++++++++++++++++++++++++++++++++++++++++++++++  |"
"1"," "
"1","94% ~00s          "
"1",""
"1"," "
"1"," |++++++++++++++++++++++++++++++++++++++++++++++++  |"
"1"," "
"1","95% ~00s          "
"1",""
"1"," "
"1"," |+++++++++++++++++++++++++++++++++++++++++++++++++ |"
"1"," "
"1","97% ~00s          "
"1",""
"1"," "
"1"," |+++++++++++++++++++++++++++++++++++++++++++++++++ |"
"1"," "
"1","98% ~00s          "
"1",""
"1"," "
"1"," |++++++++++++++++++++++++++++++++++++++++++++++++++|"
"1"," "
"1","99% ~00s          "
"1",""
"1"," "
"1"," |++++++++++++++++++++++++++++++++++++++++++++++++++|"
"1"," "
"1","100% elapsed=03s  "
"1","
"
"2","Calculating cluster 6
"
"1",""
"1"," "
"1"," |                                                  |"
"1"," "
"1","0 % ~calculating  "
"1",""
"1"," "
"1"," |+                                                 |"
"1"," "
"1","1 % ~02s          "
"1",""
"1"," "
"1"," |++                                                |"
"1"," "
"1","2 % ~02s          "
"1",""
"1"," "
"1"," |++                                                |"
"1"," "
"1","3 % ~02s          "
"1",""
"1"," "
"1"," |+++                                               |"
"1"," "
"1","4 % ~02s          "
"1",""
"1"," "
"1"," |+++                                               |"
"1"," "
"1","6 % ~02s          "
"1",""
"1"," "
"1"," |++++                                              |"
"1"," "
"1","7 % ~02s          "
"1",""
"1"," "
"1"," |++++                                              |"
"1"," "
"1","8 % ~02s          "
"1",""
"1"," "
"1"," |+++++                                             |"
"1"," "
"1","9 % ~02s          "
"1",""
"1"," "
"1"," |+++++                                             |"
"1"," "
"1","10% ~02s          "
"1",""
"1"," "
"1"," |++++++                                            |"
"1"," "
"1","11% ~02s          "
"1",""
"1"," "
"1"," |+++++++                                           |"
"1"," "
"1","12% ~02s          "
"1",""
"1"," "
"1"," |+++++++                                           |"
"1"," "
"1","13% ~02s          "
"1",""
"1"," "
"1"," |++++++++                                          |"
"1"," "
"1","14% ~02s          "
"1",""
"1"," "
"1"," |++++++++                                          |"
"1"," "
"1","16% ~02s          "
"1",""
"1"," "
"1"," |+++++++++                                         |"
"1"," "
"1","17% ~02s          "
"1",""
"1"," "
"1"," |+++++++++                                         |"
"1"," "
"1","18% ~02s          "
"1",""
"1"," "
"1"," |++++++++++                                        |"
"1"," "
"1","19% ~02s          "
"1",""
"1"," "
"1"," |++++++++++                                        |"
"1"," "
"1","20% ~02s          "
"1",""
"1"," "
"1"," |+++++++++++                                       |"
"1"," "
"1","21% ~02s          "
"1",""
"1"," "
"1"," |++++++++++++                                      |"
"1"," "
"1","22% ~02s          "
"1",""
"1"," "
"1"," |++++++++++++                                      |"
"1"," "
"1","23% ~02s          "
"1",""
"1"," "
"1"," |+++++++++++++                                     |"
"1"," "
"1","24% ~02s          "
"1",""
"1"," "
"1"," |+++++++++++++                                     |"
"1"," "
"1","26% ~01s          "
"1",""
"1"," "
"1"," |++++++++++++++                                    |"
"1"," "
"1","27% ~01s          "
"1",""
"1"," "
"1"," |++++++++++++++                                    |"
"1"," "
"1","28% ~01s          "
"1",""
"1"," "
"1"," |+++++++++++++++                                   |"
"1"," "
"1","29% ~01s          "
"1",""
"1"," "
"1"," |+++++++++++++++                                   |"
"1"," "
"1","30% ~01s          "
"1",""
"1"," "
"1"," |++++++++++++++++                                  |"
"1"," "
"1","31% ~01s          "
"1",""
"1"," "
"1"," |+++++++++++++++++                                 |"
"1"," "
"1","32% ~01s          "
"1",""
"1"," "
"1"," |+++++++++++++++++                                 |"
"1"," "
"1","33% ~01s          "
"1",""
"1"," "
"1"," |++++++++++++++++++                                |"
"1"," "
"1","34% ~01s          "
"1",""
"1"," "
"1"," |++++++++++++++++++                                |"
"1"," "
"1","36% ~01s          "
"1",""
"1"," "
"1"," |+++++++++++++++++++                               |"
"1"," "
"1","37% ~01s          "
"1",""
"1"," "
"1"," |+++++++++++++++++++                               |"
"1"," "
"1","38% ~01s          "
"1",""
"1"," "
"1"," |++++++++++++++++++++                              |"
"1"," "
"1","39% ~01s          "
"1",""
"1"," "
"1"," |++++++++++++++++++++                              |"
"1"," "
"1","40% ~01s          "
"1",""
"1"," "
"1"," |+++++++++++++++++++++                             |"
"1"," "
"1","41% ~01s          "
"1",""
"1"," "
"1"," |++++++++++++++++++++++                            |"
"1"," "
"1","42% ~01s          "
"1",""
"1"," "
"1"," |++++++++++++++++++++++                            |"
"1"," "
"1","43% ~01s          "
"1",""
"1"," "
"1"," |+++++++++++++++++++++++                           |"
"1"," "
"1","44% ~01s          "
"1",""
"1"," "
"1"," |+++++++++++++++++++++++                           |"
"1"," "
"1","46% ~01s          "
"1",""
"1"," "
"1"," |++++++++++++++++++++++++                          |"
"1"," "
"1","47% ~01s          "
"1",""
"1"," "
"1"," |++++++++++++++++++++++++                          |"
"1"," "
"1","48% ~01s          "
"1",""
"1"," "
"1"," |+++++++++++++++++++++++++                         |"
"1"," "
"1","49% ~01s          "
"1",""
"1"," "
"1"," |+++++++++++++++++++++++++                         |"
"1"," "
"1","50% ~01s          "
"1",""
"1"," "
"1"," |++++++++++++++++++++++++++                        |"
"1"," "
"1","51% ~01s          "
"1",""
"1"," "
"1"," |+++++++++++++++++++++++++++                       |"
"1"," "
"1","52% ~01s          "
"1",""
"1"," "
"1"," |+++++++++++++++++++++++++++                       |"
"1"," "
"1","53% ~01s          "
"1",""
"1"," "
"1"," |++++++++++++++++++++++++++++                      |"
"1"," "
"1","54% ~01s          "
"1",""
"1"," "
"1"," |++++++++++++++++++++++++++++                      |"
"1"," "
"1","56% ~01s          "
"1",""
"1"," "
"1"," |+++++++++++++++++++++++++++++                     |"
"1"," "
"1","57% ~01s          "
"1",""
"1"," "
"1"," |+++++++++++++++++++++++++++++                     |"
"1"," "
"1","58% ~01s          "
"1",""
"1"," "
"1"," |++++++++++++++++++++++++++++++                    |"
"1"," "
"1","59% ~01s          "
"1",""
"1"," "
"1"," |++++++++++++++++++++++++++++++                    |"
"1"," "
"1","60% ~01s          "
"1",""
"1"," "
"1"," |+++++++++++++++++++++++++++++++                   |"
"1"," "
"1","61% ~01s          "
"1",""
"1"," "
"1"," |++++++++++++++++++++++++++++++++                  |"
"1"," "
"1","62% ~01s          "
"1",""
"1"," "
"1"," |++++++++++++++++++++++++++++++++                  |"
"1"," "
"1","63% ~01s          "
"1",""
"1"," "
"1"," |+++++++++++++++++++++++++++++++++                 |"
"1"," "
"1","64% ~01s          "
"1",""
"1"," "
"1"," |+++++++++++++++++++++++++++++++++                 |"
"1"," "
"1","66% ~01s          "
"1",""
"1"," "
"1"," |++++++++++++++++++++++++++++++++++                |"
"1"," "
"1","67% ~01s          "
"1",""
"1"," "
"1"," |++++++++++++++++++++++++++++++++++                |"
"1"," "
"1","68% ~01s          "
"1",""
"1"," "
"1"," |+++++++++++++++++++++++++++++++++++               |"
"1"," "
"1","69% ~01s          "
"1",""
"1"," "
"1"," |+++++++++++++++++++++++++++++++++++               |"
"1"," "
"1","70% ~01s          "
"1",""
"1"," "
"1"," |++++++++++++++++++++++++++++++++++++              |"
"1"," "
"1","71% ~01s          "
"1",""
"1"," "
"1"," |+++++++++++++++++++++++++++++++++++++             |"
"1"," "
"1","72% ~01s          "
"1",""
"1"," "
"1"," |+++++++++++++++++++++++++++++++++++++             |"
"1"," "
"1","73% ~01s          "
"1",""
"1"," "
"1"," |++++++++++++++++++++++++++++++++++++++            |"
"1"," "
"1","74% ~01s          "
"1",""
"1"," "
"1"," |++++++++++++++++++++++++++++++++++++++            |"
"1"," "
"1","76% ~01s          "
"1",""
"1"," "
"1"," |+++++++++++++++++++++++++++++++++++++++           |"
"1"," "
"1","77% ~00s          "
"1",""
"1"," "
"1"," |+++++++++++++++++++++++++++++++++++++++           |"
"1"," "
"1","78% ~00s          "
"1",""
"1"," "
"1"," |++++++++++++++++++++++++++++++++++++++++          |"
"1"," "
"1","79% ~00s          "
"1",""
"1"," "
"1"," |++++++++++++++++++++++++++++++++++++++++          |"
"1"," "
"1","80% ~00s          "
"1",""
"1"," "
"1"," |+++++++++++++++++++++++++++++++++++++++++         |"
"1"," "
"1","81% ~00s          "
"1",""
"1"," "
"1"," |++++++++++++++++++++++++++++++++++++++++++        |"
"1"," "
"1","82% ~00s          "
"1",""
"1"," "
"1"," |++++++++++++++++++++++++++++++++++++++++++        |"
"1"," "
"1","83% ~00s          "
"1",""
"1"," "
"1"," |+++++++++++++++++++++++++++++++++++++++++++       |"
"1"," "
"1","84% ~00s          "
"1",""
"1"," "
"1"," |+++++++++++++++++++++++++++++++++++++++++++       |"
"1"," "
"1","86% ~00s          "
"1",""
"1"," "
"1"," |++++++++++++++++++++++++++++++++++++++++++++      |"
"1"," "
"1","87% ~00s          "
"1",""
"1"," "
"1"," |++++++++++++++++++++++++++++++++++++++++++++      |"
"1"," "
"1","88% ~00s          "
"1",""
"1"," "
"1"," |+++++++++++++++++++++++++++++++++++++++++++++     |"
"1"," "
"1","89% ~00s          "
"1",""
"1"," "
"1"," |+++++++++++++++++++++++++++++++++++++++++++++     |"
"1"," "
"1","90% ~00s          "
"1",""
"1"," "
"1"," |++++++++++++++++++++++++++++++++++++++++++++++    |"
"1"," "
"1","91% ~00s          "
"1",""
"1"," "
"1"," |+++++++++++++++++++++++++++++++++++++++++++++++   |"
"1"," "
"1","92% ~00s          "
"1",""
"1"," "
"1"," |+++++++++++++++++++++++++++++++++++++++++++++++   |"
"1"," "
"1","93% ~00s          "
"1",""
"1"," "
"1"," |++++++++++++++++++++++++++++++++++++++++++++++++  |"
"1"," "
"1","94% ~00s          "
"1",""
"1"," "
"1"," |++++++++++++++++++++++++++++++++++++++++++++++++  |"
"1"," "
"1","96% ~00s          "
"1",""
"1"," "
"1"," |+++++++++++++++++++++++++++++++++++++++++++++++++ |"
"1"," "
"1","97% ~00s          "
"1",""
"1"," "
"1"," |+++++++++++++++++++++++++++++++++++++++++++++++++ |"
"1"," "
"1","98% ~00s          "
"1",""
"1"," "
"1"," |++++++++++++++++++++++++++++++++++++++++++++++++++|"
"1"," "
"1","99% ~00s          "
"1",""
"1"," "
"1"," |++++++++++++++++++++++++++++++++++++++++++++++++++|"
"1"," "
"1","100% elapsed=02s  "
"1","
"
"2","Calculating cluster 7
"
"1",""
"1"," "
"1"," |                                                  |"
"1"," "
"1","0 % ~calculating  "
"1",""
"1"," "
"1"," |+                                                 |"
"1"," "
"1","1 % ~03s          "
"1",""
"1"," "
"1"," |++                                                |"
"1"," "
"1","2 % ~03s          "
"1",""
"1"," "
"1"," |++                                                |"
"1"," "
"1","3 % ~03s          "
"1",""
"1"," "
"1"," |+++                                               |"
"1"," "
"1","4 % ~03s          "
"1",""
"1"," "
"1"," |+++                                               |"
"1"," "
"1","5 % ~03s          "
"1",""
"1"," "
"1"," |++++                                              |"
"1"," "
"1","6 % ~03s          "
"1",""
"1"," "
"1"," |++++                                              |"
"1"," "
"1","7 % ~03s          "
"1",""
"1"," "
"1"," |+++++                                             |"
"1"," "
"1","8 % ~02s          "
"1",""
"1"," "
"1"," |+++++                                             |"
"1"," "
"1","9 % ~02s          "
"1",""
"1"," "
"1"," |++++++                                            |"
"1"," "
"1","10% ~02s          "
"1",""
"1"," "
"1"," |++++++                                            |"
"1"," "
"1","11% ~02s          "
"1",""
"1"," "
"1"," |+++++++                                           |"
"1"," "
"1","12% ~02s          "
"1",""
"1"," "
"1"," |+++++++                                           |"
"1"," "
"1","13% ~02s          "
"1",""
"1"," "
"1"," |++++++++                                          |"
"1"," "
"1","14% ~02s          "
"1",""
"1"," "
"1"," |++++++++                                          |"
"1"," "
"1","15% ~02s          "
"1",""
"1"," "
"1"," |+++++++++                                         |"
"1"," "
"1","16% ~02s          "
"1",""
"1"," "
"1"," |+++++++++                                         |"
"1"," "
"1","18% ~02s          "
"1",""
"1"," "
"1"," |++++++++++                                        |"
"1"," "
"1","19% ~02s          "
"1",""
"1"," "
"1"," |++++++++++                                        |"
"1"," "
"1","20% ~02s          "
"1",""
"1"," "
"1"," |+++++++++++                                       |"
"1"," "
"1","21% ~02s          "
"1",""
"1"," "
"1"," |+++++++++++                                       |"
"1"," "
"1","22% ~02s          "
"1",""
"1"," "
"1"," |++++++++++++                                      |"
"1"," "
"1","23% ~02s          "
"1",""
"1"," "
"1"," |++++++++++++                                      |"
"1"," "
"1","24% ~02s          "
"1",""
"1"," "
"1"," |+++++++++++++                                     |"
"1"," "
"1","25% ~02s          "
"1",""
"1"," "
"1"," |+++++++++++++                                     |"
"1"," "
"1","26% ~02s          "
"1",""
"1"," "
"1"," |++++++++++++++                                    |"
"1"," "
"1","27% ~02s          "
"1",""
"1"," "
"1"," |++++++++++++++                                    |"
"1"," "
"1","28% ~02s          "
"1",""
"1"," "
"1"," |+++++++++++++++                                   |"
"1"," "
"1","29% ~02s          "
"1",""
"1"," "
"1"," |+++++++++++++++                                   |"
"1"," "
"1","30% ~02s          "
"1",""
"1"," "
"1"," |++++++++++++++++                                  |"
"1"," "
"1","31% ~02s          "
"1",""
"1"," "
"1"," |++++++++++++++++                                  |"
"1"," "
"1","32% ~02s          "
"1",""
"1"," "
"1"," |+++++++++++++++++                                 |"
"1"," "
"1","33% ~02s          "
"1",""
"1"," "
"1"," |++++++++++++++++++                                |"
"1"," "
"1","34% ~02s          "
"1",""
"1"," "
"1"," |++++++++++++++++++                                |"
"1"," "
"1","35% ~02s          "
"1",""
"1"," "
"1"," |+++++++++++++++++++                               |"
"1"," "
"1","36% ~02s          "
"1",""
"1"," "
"1"," |+++++++++++++++++++                               |"
"1"," "
"1","37% ~02s          "
"1",""
"1"," "
"1"," |++++++++++++++++++++                              |"
"1"," "
"1","38% ~02s          "
"1",""
"1"," "
"1"," |++++++++++++++++++++                              |"
"1"," "
"1","39% ~02s          "
"1",""
"1"," "
"1"," |+++++++++++++++++++++                             |"
"1"," "
"1","40% ~02s          "
"1",""
"1"," "
"1"," |+++++++++++++++++++++                             |"
"1"," "
"1","41% ~02s          "
"1",""
"1"," "
"1"," |++++++++++++++++++++++                            |"
"1"," "
"1","42% ~02s          "
"1",""
"1"," "
"1"," |++++++++++++++++++++++                            |"
"1"," "
"1","43% ~02s          "
"1",""
"1"," "
"1"," |+++++++++++++++++++++++                           |"
"1"," "
"1","44% ~02s          "
"1",""
"1"," "
"1"," |+++++++++++++++++++++++                           |"
"1"," "
"1","45% ~02s          "
"1",""
"1"," "
"1"," |++++++++++++++++++++++++                          |"
"1"," "
"1","46% ~01s          "
"1",""
"1"," "
"1"," |++++++++++++++++++++++++                          |"
"1"," "
"1","47% ~01s          "
"1",""
"1"," "
"1"," |+++++++++++++++++++++++++                         |"
"1"," "
"1","48% ~01s          "
"1",""
"1"," "
"1"," |+++++++++++++++++++++++++                         |"
"1"," "
"1","49% ~01s          "
"1",""
"1"," "
"1"," |++++++++++++++++++++++++++                        |"
"1"," "
"1","51% ~01s          "
"1",""
"1"," "
"1"," |++++++++++++++++++++++++++                        |"
"1"," "
"1","52% ~01s          "
"1",""
"1"," "
"1"," |+++++++++++++++++++++++++++                       |"
"1"," "
"1","53% ~01s          "
"1",""
"1"," "
"1"," |+++++++++++++++++++++++++++                       |"
"1"," "
"1","54% ~01s          "
"1",""
"1"," "
"1"," |++++++++++++++++++++++++++++                      |"
"1"," "
"1","55% ~01s          "
"1",""
"1"," "
"1"," |++++++++++++++++++++++++++++                      |"
"1"," "
"1","56% ~01s          "
"1",""
"1"," "
"1"," |+++++++++++++++++++++++++++++                     |"
"1"," "
"1","57% ~01s          "
"1",""
"1"," "
"1"," |+++++++++++++++++++++++++++++                     |"
"1"," "
"1","58% ~01s          "
"1",""
"1"," "
"1"," |++++++++++++++++++++++++++++++                    |"
"1"," "
"1","59% ~01s          "
"1",""
"1"," "
"1"," |++++++++++++++++++++++++++++++                    |"
"1"," "
"1","60% ~01s          "
"1",""
"1"," "
"1"," |+++++++++++++++++++++++++++++++                   |"
"1"," "
"1","61% ~01s          "
"1",""
"1"," "
"1"," |+++++++++++++++++++++++++++++++                   |"
"1"," "
"1","62% ~01s          "
"1",""
"1"," "
"1"," |++++++++++++++++++++++++++++++++                  |"
"1"," "
"1","63% ~01s          "
"1",""
"1"," "
"1"," |++++++++++++++++++++++++++++++++                  |"
"1"," "
"1","64% ~01s          "
"1",""
"1"," "
"1"," |+++++++++++++++++++++++++++++++++                 |"
"1"," "
"1","65% ~01s          "
"1",""
"1"," "
"1"," |+++++++++++++++++++++++++++++++++                 |"
"1"," "
"1","66% ~01s          "
"1",""
"1"," "
"1"," |++++++++++++++++++++++++++++++++++                |"
"1"," "
"1","67% ~01s          "
"1",""
"1"," "
"1"," |+++++++++++++++++++++++++++++++++++               |"
"1"," "
"1","68% ~01s          "
"1",""
"1"," "
"1"," |+++++++++++++++++++++++++++++++++++               |"
"1"," "
"1","69% ~01s          "
"1",""
"1"," "
"1"," |++++++++++++++++++++++++++++++++++++              |"
"1"," "
"1","70% ~01s          "
"1",""
"1"," "
"1"," |++++++++++++++++++++++++++++++++++++              |"
"1"," "
"1","71% ~01s          "
"1",""
"1"," "
"1"," |+++++++++++++++++++++++++++++++++++++             |"
"1"," "
"1","72% ~01s          "
"1",""
"1"," "
"1"," |+++++++++++++++++++++++++++++++++++++             |"
"1"," "
"1","73% ~01s          "
"1",""
"1"," "
"1"," |++++++++++++++++++++++++++++++++++++++            |"
"1"," "
"1","74% ~01s          "
"1",""
"1"," "
"1"," |++++++++++++++++++++++++++++++++++++++            |"
"1"," "
"1","75% ~01s          "
"1",""
"1"," "
"1"," |+++++++++++++++++++++++++++++++++++++++           |"
"1"," "
"1","76% ~01s          "
"1",""
"1"," "
"1"," |+++++++++++++++++++++++++++++++++++++++           |"
"1"," "
"1","77% ~01s          "
"1",""
"1"," "
"1"," |++++++++++++++++++++++++++++++++++++++++          |"
"1"," "
"1","78% ~01s          "
"1",""
"1"," "
"1"," |++++++++++++++++++++++++++++++++++++++++          |"
"1"," "
"1","79% ~01s          "
"1",""
"1"," "
"1"," |+++++++++++++++++++++++++++++++++++++++++         |"
"1"," "
"1","80% ~01s          "
"1",""
"1"," "
"1"," |+++++++++++++++++++++++++++++++++++++++++         |"
"1"," "
"1","81% ~01s          "
"1",""
"1"," "
"1"," |++++++++++++++++++++++++++++++++++++++++++        |"
"1"," "
"1","82% ~00s          "
"1",""
"1"," "
"1"," |++++++++++++++++++++++++++++++++++++++++++        |"
"1"," "
"1","84% ~00s          "
"1",""
"1"," "
"1"," |+++++++++++++++++++++++++++++++++++++++++++       |"
"1"," "
"1","85% ~00s          "
"1",""
"1"," "
"1"," |+++++++++++++++++++++++++++++++++++++++++++       |"
"1"," "
"1","86% ~00s          "
"1",""
"1"," "
"1"," |++++++++++++++++++++++++++++++++++++++++++++      |"
"1"," "
"1","87% ~00s          "
"1",""
"1"," "
"1"," |++++++++++++++++++++++++++++++++++++++++++++      |"
"1"," "
"1","88% ~00s          "
"1",""
"1"," "
"1"," |+++++++++++++++++++++++++++++++++++++++++++++     |"
"1"," "
"1","89% ~00s          "
"1",""
"1"," "
"1"," |+++++++++++++++++++++++++++++++++++++++++++++     |"
"1"," "
"1","90% ~00s          "
"1",""
"1"," "
"1"," |++++++++++++++++++++++++++++++++++++++++++++++    |"
"1"," "
"1","91% ~00s          "
"1",""
"1"," "
"1"," |++++++++++++++++++++++++++++++++++++++++++++++    |"
"1"," "
"1","92% ~00s          "
"1",""
"1"," "
"1"," |+++++++++++++++++++++++++++++++++++++++++++++++   |"
"1"," "
"1","93% ~00s          "
"1",""
"1"," "
"1"," |+++++++++++++++++++++++++++++++++++++++++++++++   |"
"1"," "
"1","94% ~00s          "
"1",""
"1"," "
"1"," |++++++++++++++++++++++++++++++++++++++++++++++++  |"
"1"," "
"1","95% ~00s          "
"1",""
"1"," "
"1"," |++++++++++++++++++++++++++++++++++++++++++++++++  |"
"1"," "
"1","96% ~00s          "
"1",""
"1"," "
"1"," |+++++++++++++++++++++++++++++++++++++++++++++++++ |"
"1"," "
"1","97% ~00s          "
"1",""
"1"," "
"1"," |+++++++++++++++++++++++++++++++++++++++++++++++++ |"
"1"," "
"1","98% ~00s          "
"1",""
"1"," "
"1"," |++++++++++++++++++++++++++++++++++++++++++++++++++|"
"1"," "
"1","99% ~00s          "
"1",""
"1"," "
"1"," |++++++++++++++++++++++++++++++++++++++++++++++++++|"
"1"," "
"1","100% elapsed=03s  "
"1","
"
"2","Calculating cluster 8
"
"1",""
"1"," "
"1"," |                                                  |"
"1"," "
"1","0 % ~calculating  "
"1",""
"1"," "
"1"," |+                                                 |"
"1"," "
"1","1 % ~02s          "
"1",""
"1"," "
"1"," |++                                                |"
"1"," "
"1","2 % ~01s          "
"1",""
"1"," "
"1"," |++                                                |"
"1"," "
"1","3 % ~01s          "
"1",""
"1"," "
"1"," |+++                                               |"
"1"," "
"1","4 % ~01s          "
"1",""
"1"," "
"1"," |+++                                               |"
"1"," "
"1","5 % ~02s          "
"1",""
"1"," "
"1"," |++++                                              |"
"1"," "
"1","6 % ~02s          "
"1",""
"1"," "
"1"," |++++                                              |"
"1"," "
"1","7 % ~02s          "
"1",""
"1"," "
"1"," |+++++                                             |"
"1"," "
"1","8 % ~02s          "
"1",""
"1"," "
"1"," |+++++                                             |"
"1"," "
"1","9 % ~02s          "
"1",""
"1"," "
"1"," |++++++                                            |"
"1"," "
"1","11% ~02s          "
"1",""
"1"," "
"1"," |++++++                                            |"
"1"," "
"1","12% ~02s          "
"1",""
"1"," "
"1"," |+++++++                                           |"
"1"," "
"1","13% ~02s          "
"1",""
"1"," "
"1"," |+++++++                                           |"
"1"," "
"1","14% ~02s          "
"1",""
"1"," "
"1"," |++++++++                                          |"
"1"," "
"1","15% ~02s          "
"1",""
"1"," "
"1"," |++++++++                                          |"
"1"," "
"1","16% ~01s          "
"1",""
"1"," "
"1"," |+++++++++                                         |"
"1"," "
"1","17% ~01s          "
"1",""
"1"," "
"1"," |+++++++++                                         |"
"1"," "
"1","18% ~01s          "
"1",""
"1"," "
"1"," |++++++++++                                        |"
"1"," "
"1","19% ~01s          "
"1",""
"1"," "
"1"," |++++++++++                                        |"
"1"," "
"1","20% ~01s          "
"1",""
"1"," "
"1"," |+++++++++++                                       |"
"1"," "
"1","21% ~01s          "
"1",""
"1"," "
"1"," |++++++++++++                                      |"
"1"," "
"1","22% ~01s          "
"1",""
"1"," "
"1"," |++++++++++++                                      |"
"1"," "
"1","23% ~01s          "
"1",""
"1"," "
"1"," |+++++++++++++                                     |"
"1"," "
"1","24% ~01s          "
"1",""
"1"," "
"1"," |+++++++++++++                                     |"
"1"," "
"1","25% ~01s          "
"1",""
"1"," "
"1"," |++++++++++++++                                    |"
"1"," "
"1","26% ~01s          "
"1",""
"1"," "
"1"," |++++++++++++++                                    |"
"1"," "
"1","27% ~01s          "
"1",""
"1"," "
"1"," |+++++++++++++++                                   |"
"1"," "
"1","28% ~01s          "
"1",""
"1"," "
"1"," |+++++++++++++++                                   |"
"1"," "
"1","29% ~01s          "
"1",""
"1"," "
"1"," |++++++++++++++++                                  |"
"1"," "
"1","31% ~01s          "
"1",""
"1"," "
"1"," |++++++++++++++++                                  |"
"1"," "
"1","32% ~01s          "
"1",""
"1"," "
"1"," |+++++++++++++++++                                 |"
"1"," "
"1","33% ~01s          "
"1",""
"1"," "
"1"," |+++++++++++++++++                                 |"
"1"," "
"1","34% ~01s          "
"1",""
"1"," "
"1"," |++++++++++++++++++                                |"
"1"," "
"1","35% ~01s          "
"1",""
"1"," "
"1"," |++++++++++++++++++                                |"
"1"," "
"1","36% ~01s          "
"1",""
"1"," "
"1"," |+++++++++++++++++++                               |"
"1"," "
"1","37% ~01s          "
"1",""
"1"," "
"1"," |+++++++++++++++++++                               |"
"1"," "
"1","38% ~01s          "
"1",""
"1"," "
"1"," |++++++++++++++++++++                              |"
"1"," "
"1","39% ~01s          "
"1",""
"1"," "
"1"," |++++++++++++++++++++                              |"
"1"," "
"1","40% ~01s          "
"1",""
"1"," "
"1"," |+++++++++++++++++++++                             |"
"1"," "
"1","41% ~01s          "
"1",""
"1"," "
"1"," |++++++++++++++++++++++                            |"
"1"," "
"1","42% ~01s          "
"1",""
"1"," "
"1"," |++++++++++++++++++++++                            |"
"1"," "
"1","43% ~01s          "
"1",""
"1"," "
"1"," |+++++++++++++++++++++++                           |"
"1"," "
"1","44% ~01s          "
"1",""
"1"," "
"1"," |+++++++++++++++++++++++                           |"
"1"," "
"1","45% ~01s          "
"1",""
"1"," "
"1"," |++++++++++++++++++++++++                          |"
"1"," "
"1","46% ~01s          "
"1",""
"1"," "
"1"," |++++++++++++++++++++++++                          |"
"1"," "
"1","47% ~01s          "
"1",""
"1"," "
"1"," |+++++++++++++++++++++++++                         |"
"1"," "
"1","48% ~01s          "
"1",""
"1"," "
"1"," |+++++++++++++++++++++++++                         |"
"1"," "
"1","49% ~01s          "
"1",""
"1"," "
"1"," |++++++++++++++++++++++++++                        |"
"1"," "
"1","51% ~01s          "
"1",""
"1"," "
"1"," |++++++++++++++++++++++++++                        |"
"1"," "
"1","52% ~01s          "
"1",""
"1"," "
"1"," |+++++++++++++++++++++++++++                       |"
"1"," "
"1","53% ~01s          "
"1",""
"1"," "
"1"," |+++++++++++++++++++++++++++                       |"
"1"," "
"1","54% ~01s          "
"1",""
"1"," "
"1"," |++++++++++++++++++++++++++++                      |"
"1"," "
"1","55% ~01s          "
"1",""
"1"," "
"1"," |++++++++++++++++++++++++++++                      |"
"1"," "
"1","56% ~01s          "
"1",""
"1"," "
"1"," |+++++++++++++++++++++++++++++                     |"
"1"," "
"1","57% ~01s          "
"1",""
"1"," "
"1"," |+++++++++++++++++++++++++++++                     |"
"1"," "
"1","58% ~01s          "
"1",""
"1"," "
"1"," |++++++++++++++++++++++++++++++                    |"
"1"," "
"1","59% ~01s          "
"1",""
"1"," "
"1"," |++++++++++++++++++++++++++++++                    |"
"1"," "
"1","60% ~01s          "
"1",""
"1"," "
"1"," |+++++++++++++++++++++++++++++++                   |"
"1"," "
"1","61% ~01s          "
"1",""
"1"," "
"1"," |++++++++++++++++++++++++++++++++                  |"
"1"," "
"1","62% ~01s          "
"1",""
"1"," "
"1"," |++++++++++++++++++++++++++++++++                  |"
"1"," "
"1","63% ~01s          "
"1",""
"1"," "
"1"," |+++++++++++++++++++++++++++++++++                 |"
"1"," "
"1","64% ~01s          "
"1",""
"1"," "
"1"," |+++++++++++++++++++++++++++++++++                 |"
"1"," "
"1","65% ~01s          "
"1",""
"1"," "
"1"," |++++++++++++++++++++++++++++++++++                |"
"1"," "
"1","66% ~01s          "
"1",""
"1"," "
"1"," |++++++++++++++++++++++++++++++++++                |"
"1"," "
"1","67% ~01s          "
"1",""
"1"," "
"1"," |+++++++++++++++++++++++++++++++++++               |"
"1"," "
"1","68% ~00s          "
"1",""
"1"," "
"1"," |+++++++++++++++++++++++++++++++++++               |"
"1"," "
"1","69% ~00s          "
"1",""
"1"," "
"1"," |++++++++++++++++++++++++++++++++++++              |"
"1"," "
"1","71% ~00s          "
"1",""
"1"," "
"1"," |++++++++++++++++++++++++++++++++++++              |"
"1"," "
"1","72% ~00s          "
"1",""
"1"," "
"1"," |+++++++++++++++++++++++++++++++++++++             |"
"1"," "
"1","73% ~00s          "
"1",""
"1"," "
"1"," |+++++++++++++++++++++++++++++++++++++             |"
"1"," "
"1","74% ~00s          "
"1",""
"1"," "
"1"," |++++++++++++++++++++++++++++++++++++++            |"
"1"," "
"1","75% ~00s          "
"1",""
"1"," "
"1"," |++++++++++++++++++++++++++++++++++++++            |"
"1"," "
"1","76% ~00s          "
"1",""
"1"," "
"1"," |+++++++++++++++++++++++++++++++++++++++           |"
"1"," "
"1","77% ~00s          "
"1",""
"1"," "
"1"," |+++++++++++++++++++++++++++++++++++++++           |"
"1"," "
"1","78% ~00s          "
"1",""
"1"," "
"1"," |++++++++++++++++++++++++++++++++++++++++          |"
"1"," "
"1","79% ~00s          "
"1",""
"1"," "
"1"," |++++++++++++++++++++++++++++++++++++++++          |"
"1"," "
"1","80% ~00s          "
"1",""
"1"," "
"1"," |+++++++++++++++++++++++++++++++++++++++++         |"
"1"," "
"1","81% ~00s          "
"1",""
"1"," "
"1"," |++++++++++++++++++++++++++++++++++++++++++        |"
"1"," "
"1","82% ~00s          "
"1",""
"1"," "
"1"," |++++++++++++++++++++++++++++++++++++++++++        |"
"1"," "
"1","83% ~00s          "
"1",""
"1"," "
"1"," |+++++++++++++++++++++++++++++++++++++++++++       |"
"1"," "
"1","84% ~00s          "
"1",""
"1"," "
"1"," |+++++++++++++++++++++++++++++++++++++++++++       |"
"1"," "
"1","85% ~00s          "
"1",""
"1"," "
"1"," |++++++++++++++++++++++++++++++++++++++++++++      |"
"1"," "
"1","86% ~00s          "
"1",""
"1"," "
"1"," |++++++++++++++++++++++++++++++++++++++++++++      |"
"1"," "
"1","87% ~00s          "
"1",""
"1"," "
"1"," |+++++++++++++++++++++++++++++++++++++++++++++     |"
"1"," "
"1","88% ~00s          "
"1",""
"1"," "
"1"," |+++++++++++++++++++++++++++++++++++++++++++++     |"
"1"," "
"1","89% ~00s          "
"1",""
"1"," "
"1"," |++++++++++++++++++++++++++++++++++++++++++++++    |"
"1"," "
"1","91% ~00s          "
"1",""
"1"," "
"1"," |++++++++++++++++++++++++++++++++++++++++++++++    |"
"1"," "
"1","92% ~00s          "
"1",""
"1"," "
"1"," |+++++++++++++++++++++++++++++++++++++++++++++++   |"
"1"," "
"1","93% ~00s          "
"1",""
"1"," "
"1"," |+++++++++++++++++++++++++++++++++++++++++++++++   |"
"1"," "
"1","94% ~00s          "
"1",""
"1"," "
"1"," |++++++++++++++++++++++++++++++++++++++++++++++++  |"
"1"," "
"1","95% ~00s          "
"1",""
"1"," "
"1"," |++++++++++++++++++++++++++++++++++++++++++++++++  |"
"1"," "
"1","96% ~00s          "
"1",""
"1"," "
"1"," |+++++++++++++++++++++++++++++++++++++++++++++++++ |"
"1"," "
"1","97% ~00s          "
"1",""
"1"," "
"1"," |+++++++++++++++++++++++++++++++++++++++++++++++++ |"
"1"," "
"1","98% ~00s          "
"1",""
"1"," "
"1"," |++++++++++++++++++++++++++++++++++++++++++++++++++|"
"1"," "
"1","99% ~00s          "
"1",""
"1"," "
"1"," |++++++++++++++++++++++++++++++++++++++++++++++++++|"
"1"," "
"1","100% elapsed=02s  "
"1","
"
"0","pbmc.markers %>% group_by(cluster) %>% top_n(n = 2, wt = avg_log2FC)"
